repository,accumulate,adjacent_difference,adjacent_find,all_of,any_of,binary_search,copy,copy_backward,copy_if,copy_n,count,count_if,equal,equal_range,fill,fill_n,find,find_end,find_first_of,find_if,find_if_not,for_each,generate,generate_n,includes,inner_product,inplace_merge,iota,is_heap,is_heap_until,is_permutation,is_sorted,is_sorted_until,iter_swap,lexicographical_compare,lower_bound,make_heap,max,max_element,merge,min,min_element,minmax,minmax_element,mismatch,move,move_backward,next_permutation,none_of,nth_element,partial_sort,partial_sort_copy,partial_sum,partition,partition_copy,partition_point,pop_heap,prev_permutation,push_heap,random_shuffle,remove,remove_copy,remove_copy_if,remove_if,replace,replace_copy,replace_copy_if,replace_if,reverse,reverse_copy,rotate,rotate_copy,search,search_n,set_difference,set_intersection,set_symmetric_difference,set_union,shuffle,sort,sort_heap,stable_partition,stable_sort,swap,swap_ranges,transform,unique,unique_copyis_partitioned,upper_bound
facebook/mcrouter,0,0,0,0,0,0,41,0,0,0,82,0,0,0,0,0,164,0,0,0,0,0,41,0,0,0,0,0,0,0,0,0,0,0,0,0,0,287,0,0,82,0,0,0,0,0,0,0,0,0,0,0,0,0,0,0,0,0,0,0,0,0,0,0,0,0,0,0,0,0,0,0,0,0,0,0,0,0,0,0,0,0,0,0,0,0,0,0,0
actor-framework/actor-framework,0,0,0,2,4,0,1,0,0,0,8,0,29,0,8,1,37,2,0,11,0,0,0,0,0,0,0,0,0,0,0,1,0,0,0,4,0,5,0,0,1,0,0,0,0,17,0,0,1,0,0,0,0,0,0,0,0,0,0,0,0,0,0,0,8,0,0,2,0,0,0,0,3,0,0,0,0,0,0,8,0,0,0,0,0,0,3,0,0
multitheftauto/multitheftauto,0,0,0,0,0,0,0,0,0,0,64,0,3,0,0,0,57,0,3,0,0,0,6,0,4,0,0,0,0,0,0,0,0,0,0,0,0,55,0,0,107,0,0,0,0,104,0,0,0,0,0,0,0,0,0,0,0,0,0,0,53,0,0,0,2,0,0,0,4,0,0,0,11,0,0,0,0,0,0,57,0,0,0,0,0,1,0,0,3
billmccord/OpenCV-Android,0,0,0,0,0,0,0,0,0,0,33,0,0,0,3,0,6,0,0,0,0,0,0,0,0,0,0,0,0,0,0,0,0,0,0,0,0,3,2,0,13,0,0,0,0,0,0,0,0,0,0,0,0,0,0,0,0,0,0,0,0,0,0,0,1,0,0,0,2,0,0,0,0,0,0,0,0,0,0,2,0,0,0,2,0,6,0,0,0
tekezo/Karabiner,0,0,0,0,0,0,15,0,0,0,14,0,0,0,0,0,5,0,0,0,0,0,0,0,0,0,0,0,0,0,0,0,0,0,0,0,0,0,0,0,0,0,0,0,0,4,0,0,0,0,0,0,0,0,0,0,0,0,0,0,3,0,0,1,16,0,0,0,0,0,0,0,0,0,0,0,0,0,0,0,0,0,0,0,0,0,0,0,0
yangyangwithgnu/hardseed,0,0,0,0,0,0,7,0,2,0,0,0,0,0,0,0,25,0,1,0,0,0,2,0,0,0,0,0,0,0,0,0,0,0,0,0,0,9,0,0,2,0,0,0,0,5,0,0,0,0,0,0,0,0,0,0,0,0,0,0,5,2,2,0,4,0,0,0,1,0,0,0,0,0,0,0,0,0,0,0,0,0,0,0,0,0,0,0,0
maidsafe/MaidSafe,0,0,0,0,0,0,0,0,0,0,0,0,0,0,0,0,0,0,0,0,0,0,0,0,0,0,0,0,0,0,0,0,0,0,0,0,0,0,0,0,1,0,0,0,0,0,0,0,0,0,0,0,0,0,0,0,0,0,0,0,0,0,0,0,0,0,0,0,0,0,0,0,0,0,0,0,0,0,0,0,0,0,0,1,0,0,2,0,0
znc/znc,0,0,0,0,0,0,0,0,0,0,3,0,2,2,0,0,39,0,2,0,0,0,1,0,0,0,0,0,0,0,0,0,0,0,0,0,0,3,0,0,19,1,0,0,0,15,0,0,0,0,0,0,0,0,0,0,0,0,0,0,6,0,0,0,0,0,0,0,2,0,0,0,0,0,0,0,0,0,0,1,0,0,0,0,0,0,0,0,0
adobe/brackets-app,0,0,0,0,0,0,2,0,0,0,0,0,1,0,0,0,4,0,0,0,0,0,0,0,0,0,0,0,0,0,0,0,0,0,0,0,0,0,0,0,3,0,0,0,0,1,0,0,0,0,0,0,0,0,0,0,0,0,0,0,0,0,0,0,4,0,0,1,0,0,0,0,0,0,0,0,0,0,0,0,0,0,0,0,0,0,0,0,0
alexrj/Slic3r,0,0,0,0,0,0,9,0,0,0,21,0,1,0,10,0,25,0,0,0,0,0,7,0,0,0,0,0,0,0,0,0,0,0,0,4,0,75,1,21,88,0,0,0,0,28,0,0,0,0,0,0,0,2,0,0,0,0,0,0,19,0,0,0,0,0,0,0,21,0,18,0,6,0,0,0,0,0,0,21,0,0,0,20,0,0,0,0,1
WizTeam/WizQTClient,0,0,0,0,0,0,18,0,0,0,70,0,10,0,9,0,25,0,0,0,0,0,0,0,0,0,0,0,0,0,0,0,0,0,0,0,0,63,0,290,24,0,0,0,2,84,0,0,0,0,0,0,0,0,0,0,0,0,0,0,58,0,0,0,62,0,0,0,1,0,0,0,21,0,0,0,0,0,0,28,0,0,0,1,0,0,1,0,0
quarnster/SublimeClang,0,0,0,0,0,0,0,0,0,0,10,0,4,0,0,0,8,0,0,0,0,0,0,0,0,0,0,0,0,0,0,0,0,0,0,4,0,1,0,0,0,0,0,0,0,1,0,0,0,0,0,0,0,0,0,0,0,0,0,0,1,0,0,0,0,0,0,0,0,0,0,0,1,0,0,0,0,0,0,4,0,0,0,0,0,0,0,0,2
miguelfreitas/twister-core,3,0,0,0,0,0,49,0,4,0,319,2,61,0,27,9,372,0,0,33,0,10,19,0,0,0,0,0,0,0,0,0,0,9,0,10,0,296,5,2,332,10,0,0,2,130,0,0,0,0,0,0,0,1,0,0,0,0,0,7,91,5,4,2,57,0,0,0,79,0,6,0,7,0,0,0,0,0,14,48,0,0,1,70,0,8,7,0,3
bengardner/uncrustify,0,0,0,0,0,0,0,0,0,0,115,0,0,0,0,0,7,0,0,0,0,0,0,0,0,0,0,0,0,0,0,0,0,0,0,0,0,10,0,0,47,0,0,0,0,47,0,0,0,0,0,0,0,0,0,0,0,0,0,0,30,0,0,0,0,0,0,0,0,0,0,0,0,0,0,0,0,0,0,0,0,0,0,2,0,0,0,0,0
danmar/cppcheck,2,0,0,0,0,3,32,0,0,0,66,0,23,0,10,0,380,0,23,1,0,5,7,0,12,0,0,0,0,0,0,0,0,0,0,0,0,40,1,5,95,0,0,0,14,115,0,0,0,0,0,0,0,0,0,0,0,0,0,0,57,0,0,1,51,0,0,0,5,0,0,0,17,0,0,0,0,0,0,6,0,0,0,1,0,8,6,0,0
unknownworlds/decoda,0,0,0,0,0,0,13,0,0,0,5,0,5,0,0,0,96,0,0,0,0,0,0,0,0,0,0,0,0,0,0,0,0,0,0,0,0,36,0,1,19,0,0,0,0,96,0,0,0,0,0,0,0,0,0,0,0,0,0,0,31,0,0,0,8,0,0,0,0,0,0,0,50,0,0,0,0,0,0,10,0,0,0,0,0,1,1,0,0
assimp/assimp,0,0,0,0,0,0,0,0,0,0,1,0,0,0,4,0,2,0,0,0,0,0,0,0,0,0,0,0,0,0,0,0,0,0,0,0,0,1,0,0,2,0,0,0,0,0,0,0,0,0,0,0,0,0,0,0,0,0,0,0,0,0,0,0,0,0,0,0,0,0,1,0,1,0,0,0,0,0,0,0,0,0,0,0,0,1,0,0,0
graphlab-code/graphlab,3,0,0,0,0,0,13,0,0,0,332,0,2,0,4,0,20,0,1,0,0,0,3,0,1,0,0,0,0,0,0,0,0,0,0,0,0,145,3,14,106,1,0,0,0,6,0,0,0,0,0,0,0,2,0,0,0,0,0,0,2,0,0,0,0,0,0,0,0,0,0,0,4,0,0,0,0,0,2,9,0,0,0,3,0,31,5,0,0
vgvassilev/cling,0,0,0,0,0,0,0,0,0,0,0,0,0,0,0,0,12,0,0,0,0,12,2,0,0,0,0,0,0,0,0,0,0,0,0,0,0,1,0,0,0,0,0,0,0,2,0,0,0,0,0,0,0,0,0,0,0,0,0,0,1,0,0,1,0,0,0,0,0,0,0,0,3,0,0,0,0,0,0,0,0,0,0,0,0,0,0,0,0
supercollider/supercollider,0,0,0,0,0,0,7,0,0,0,196,0,4,0,0,0,29,0,4,0,0,0,2,0,10,0,0,0,0,0,0,0,0,0,0,2,0,35,0,0,50,0,0,0,0,20,0,1,0,0,0,0,0,0,0,0,0,0,0,0,8,0,0,0,4,0,0,0,1,0,0,0,3,0,0,0,0,0,0,13,0,0,0,1,0,2,1,0,2
shogun-toolbox/shogun,1,0,0,0,0,0,33,0,0,0,47,0,3,1,27,0,36,0,0,2,0,0,0,0,0,0,0,0,0,0,0,3,0,0,0,0,0,255,3,0,220,0,0,0,4,9,0,0,0,1,0,0,0,4,0,0,0,0,0,1,8,0,0,0,4,0,0,0,1,0,0,0,37,0,0,0,0,0,1,44,0,0,1,9,0,3,6,0,0
triAGENS/ArangoDB,0,0,0,0,0,0,2,0,0,0,44,2,2,0,2,0,25,0,0,1,0,3,2,0,0,0,0,0,0,0,0,0,0,0,0,0,0,7,0,12,16,0,0,0,3,8,0,0,0,0,0,0,0,0,0,0,0,0,0,0,4,0,0,0,0,0,0,0,16,0,0,0,1,0,0,0,0,0,0,0,0,0,0,0,0,0,3,0,0
uglide/RedisDesktopManager,0,0,0,0,0,0,0,0,0,0,0,0,0,0,0,0,0,0,0,0,0,0,0,0,0,0,0,0,0,0,0,0,0,0,0,0,0,0,0,0,1,0,0,0,0,1,0,0,0,0,0,0,0,0,0,0,0,0,0,0,1,0,0,0,0,0,0,0,0,0,0,0,0,0,0,0,0,0,0,1,0,0,0,0,0,0,0,0,0
cocaine/cocaine-core,1,0,0,0,0,0,0,0,0,0,0,0,0,0,0,0,1,0,0,0,0,0,0,0,0,0,0,0,0,0,0,0,0,0,0,0,0,0,0,0,0,0,0,0,0,8,0,0,0,0,0,0,0,0,0,0,0,0,0,0,7,0,0,0,0,0,0,0,0,0,0,0,0,0,0,2,0,0,0,4,0,0,0,0,0,0,0,0,0
Aloshi/EmulationStation,0,0,0,0,0,0,1,0,0,0,0,0,0,0,0,0,6,0,1,0,0,0,0,0,0,0,0,0,0,0,0,0,0,0,0,0,0,7,0,0,0,0,0,0,0,0,0,0,0,0,0,0,0,0,0,0,0,0,0,0,0,0,0,0,0,0,0,0,0,0,0,0,0,0,0,0,0,0,0,0,0,0,0,0,0,0,0,0,0
jlnr/gosu,0,0,0,0,0,0,0,0,0,0,2,0,0,0,3,0,3,0,2,0,0,0,0,0,1,0,0,0,0,0,0,0,0,0,0,0,0,13,0,2,6,0,0,0,0,2,0,0,0,0,0,0,0,0,0,0,0,0,0,0,2,0,0,0,4,0,0,0,0,0,0,0,0,0,0,0,0,0,0,0,0,0,0,9,0,4,0,0,0
oclint/oclint,0,0,0,0,0,0,5,0,0,0,0,0,0,0,0,0,4,0,0,0,0,0,0,0,0,0,0,0,0,0,0,0,0,0,0,0,0,0,0,0,0,0,0,0,0,3,0,0,0,0,0,0,0,0,0,0,0,0,0,0,3,0,0,2,0,0,0,0,0,0,0,0,0,0,0,0,0,0,0,0,0,0,0,0,0,2,0,0,0
spring/spring,1,0,0,0,0,0,8,0,0,0,75,0,9,0,4,0,169,0,11,1,0,0,4,0,2,0,0,0,0,0,0,0,0,0,0,3,0,211,0,0,209,0,0,0,0,72,0,0,0,0,0,0,0,0,0,0,0,0,0,1,22,0,0,1,20,0,0,0,6,0,2,0,27,0,0,0,0,0,1,22,0,0,0,23,0,10,6,0,2
thrust/thrust,1,0,0,0,0,0,0,0,0,0,8,0,0,0,0,0,2,0,0,0,0,0,0,0,0,0,0,0,0,0,0,0,0,0,0,1,0,9,0,0,5,0,0,0,0,0,0,0,0,0,0,0,0,0,0,0,0,0,0,0,0,0,0,0,0,0,0,0,0,0,0,0,5,0,0,0,0,0,0,1,0,0,0,0,0,0,0,0,0
elan/plex,2,0,0,0,0,0,10,0,0,0,20,0,1,0,17,0,35,0,0,0,0,4,2,0,0,0,0,0,0,0,0,0,0,0,1,4,0,42,0,0,50,0,0,0,0,19,0,0,0,0,0,0,0,0,0,0,0,0,0,0,13,0,0,0,0,0,0,0,0,0,0,0,1,0,0,0,0,0,0,9,0,0,0,14,0,6,1,0,4
tqchen/xgboost,0,0,0,0,0,0,0,0,0,0,0,0,0,0,0,0,0,0,0,0,0,0,0,0,0,0,0,0,0,0,0,0,0,0,0,0,0,1,0,0,0,0,0,0,0,0,0,0,0,0,0,0,0,0,0,0,0,0,0,0,0,0,0,0,0,0,0,0,0,0,0,0,0,0,0,0,0,0,0,0,0,0,0,0,0,0,0,0,0
etotheipi/BitcoinArmory,3,0,0,0,0,0,16,0,0,0,12,0,1,0,5,0,68,0,0,0,0,0,0,0,0,0,0,0,0,0,0,0,0,0,0,2,0,10,0,0,23,0,0,0,1,36,0,0,0,0,0,0,0,0,0,0,0,0,0,0,22,0,0,0,5,0,0,0,2,0,0,0,37,0,0,0,0,0,0,18,0,0,0,1,0,0,7,0,2
madlib/madlib,1,0,0,0,0,0,1,0,0,0,86,0,1,0,1,0,0,0,0,0,0,0,0,0,0,0,0,0,0,0,0,0,0,0,0,0,0,30,3,5,20,1,0,0,14,0,0,0,0,0,0,0,0,0,0,0,0,0,0,0,0,0,0,0,0,0,0,0,0,0,0,0,0,0,0,0,0,0,0,0,0,0,0,0,0,0,10,0,0
Yelp/MOE,0,0,0,0,1,0,88,3,0,0,16,0,12,0,25,0,10,0,0,0,0,1,85,0,1,0,0,1,0,0,0,0,0,0,0,50,0,398,4,0,133,4,0,0,0,14,0,0,1,0,0,0,0,1,0,0,0,0,0,0,8,0,0,0,1,0,0,0,2,0,0,0,137,0,0,0,0,0,2,10,0,0,0,12,1,1,12,0,50
telegramdesktop/tdesktop,0,0,0,0,0,0,15,0,0,0,2,0,10,0,1,0,5,0,0,0,0,0,0,0,0,0,0,0,0,0,0,0,0,0,0,0,0,2,0,0,7,0,0,0,0,9,0,0,0,0,0,0,0,0,0,0,0,0,0,0,7,0,0,0,1,0,0,0,0,0,0,0,0,0,0,0,0,0,0,0,0,0,0,0,0,2,0,0,0
jubatus/jubatus,0,0,0,0,0,0,0,0,0,0,2,0,0,0,0,0,9,0,0,0,0,0,0,0,0,0,0,0,0,0,0,0,0,0,0,1,0,6,0,0,2,0,0,0,0,6,0,0,0,0,0,0,0,0,0,0,0,0,0,0,6,0,0,0,0,0,0,0,0,0,0,0,0,0,0,0,0,0,0,2,0,0,0,0,0,0,0,0,0
dolphin-emu/dolphin,1,0,0,0,0,0,57,0,0,1,93,0,9,0,22,2,120,0,3,0,0,2,8,0,0,0,0,0,0,0,0,0,0,0,0,3,0,128,1,5,135,0,0,0,0,74,0,0,0,0,0,0,0,2,0,0,0,0,0,0,15,0,0,0,14,0,0,0,13,0,0,0,46,0,0,0,0,0,15,37,0,0,0,89,0,6,18,0,1
SkyFireArchives/SkyFireEMU_old,0,0,0,0,0,0,10,0,0,0,28,0,1,0,1,0,13,0,0,0,0,0,0,0,0,0,0,0,0,0,0,0,0,0,1,0,0,57,0,0,10,0,0,0,0,15,0,0,0,0,0,0,0,0,0,0,0,0,0,0,13,0,0,0,2,0,0,0,3,0,0,0,2,0,0,0,0,0,0,0,0,0,0,27,0,3,3,0,0
netease-youdao/hex,0,0,0,0,0,0,0,0,0,0,0,0,0,0,0,0,7,0,0,0,0,0,0,0,0,0,0,0,0,0,0,0,0,0,0,0,0,2,0,0,4,0,0,0,0,3,0,0,0,0,0,0,0,0,0,0,0,0,0,0,0,0,0,0,0,0,0,0,0,0,0,0,0,0,0,0,0,0,0,0,0,0,0,0,0,1,0,0,0
CleverRaven/Cataclysm-DDA,5,0,0,0,0,0,56,0,0,0,754,0,25,0,180,0,447,0,9,2,0,0,32,0,5,0,0,0,0,0,0,0,0,0,1,4,0,1172,0,19,1016,0,0,0,1,1370,0,0,0,0,0,0,0,0,0,0,0,0,0,2,250,0,0,0,60,0,0,0,13,0,343,0,62,4,5,0,0,0,2,94,0,0,1,20,0,37,48,0,0
openscad/openscad,0,0,0,0,0,0,4,0,0,0,4,0,1,0,5,0,11,0,0,0,0,0,0,0,0,0,0,0,0,0,0,0,0,0,0,0,0,12,0,1,8,0,0,0,0,15,0,0,0,0,0,0,0,0,0,0,0,0,0,0,9,0,0,0,4,0,0,0,4,0,0,0,0,0,0,0,0,0,0,4,0,0,0,3,0,0,0,0,0
bulletphysics/bullet3,0,0,0,0,3,0,12,0,0,0,0,0,0,0,1,0,9,0,0,0,0,0,0,0,0,0,0,0,0,0,0,0,0,0,0,0,0,25,2,0,22,0,0,0,0,0,0,0,0,0,0,0,0,6,0,0,0,0,0,0,0,0,0,0,2,0,0,0,1,0,0,0,0,0,0,0,1,1,0,34,0,0,0,3,0,0,1,0,0
wavii/darner,0,0,0,0,0,0,0,0,0,0,3,0,0,0,0,0,1,0,0,0,0,0,0,0,0,0,0,0,0,0,0,0,0,0,0,0,0,0,0,0,0,0,0,0,0,0,0,0,0,0,0,0,0,0,0,0,0,0,0,0,0,0,0,0,0,0,0,0,0,0,0,0,0,0,0,0,0,0,0,1,0,0,0,0,0,0,0,0,0
mcostalba/Stockfish,1,0,0,0,0,0,5,0,0,0,81,0,1,0,1,0,14,0,0,0,0,2,2,0,0,0,0,0,0,0,0,0,0,0,1,0,0,47,0,3,71,0,0,0,0,334,0,0,0,0,0,0,0,0,0,0,0,0,0,0,14,0,0,0,2,0,0,0,2,0,0,0,134,0,0,0,0,0,0,6,0,0,2,11,0,2,0,0,0
ValveSoftware/halflife,0,0,0,0,0,0,0,0,0,0,114,0,0,0,2,0,29,0,0,0,0,0,6,0,0,0,0,0,0,0,0,0,0,0,0,0,0,42,0,31,39,0,0,0,0,39,0,0,0,0,0,0,0,0,0,0,0,0,0,0,25,0,0,0,1,0,0,0,0,0,0,0,5,0,0,0,0,0,1,0,0,0,0,6,0,0,2,0,0
zdevito/terra,0,0,0,0,0,0,0,0,0,0,0,0,0,0,4,0,0,0,0,0,0,0,0,0,0,0,0,0,0,0,0,0,0,0,0,0,0,0,0,0,3,0,0,0,0,0,0,0,0,0,0,0,0,0,0,0,0,0,0,0,0,0,0,0,0,0,0,0,0,0,0,0,0,0,0,0,0,0,0,0,0,0,0,0,0,0,0,0,0
SkyFireArchives/SkyFireEMU_406a,0,0,0,0,0,0,10,0,0,0,54,0,1,0,1,0,15,0,0,0,0,0,0,0,0,0,0,0,0,0,0,0,0,0,1,0,0,57,0,0,13,0,0,0,0,15,0,0,0,0,0,0,0,0,0,0,0,0,0,0,13,0,0,0,2,0,0,0,8,0,0,0,2,0,0,0,0,0,0,0,0,0,0,27,0,3,3,0,0
Project-OSRM/osrm-backend,1,0,0,0,0,0,0,0,0,0,2,0,0,0,0,0,4,0,0,0,0,0,1,0,0,1,0,1,0,0,0,0,0,0,0,0,0,12,0,0,26,0,0,0,0,2,0,0,0,0,0,0,1,0,0,0,0,0,0,0,2,0,0,0,0,0,0,0,0,0,0,0,0,0,0,0,0,0,0,1,0,0,0,0,0,0,2,0,0
MasteringOpenCV/code,0,0,0,0,0,0,2,0,0,0,18,0,0,0,0,0,0,0,0,0,0,0,0,0,0,0,0,0,0,0,0,0,0,0,0,0,0,0,0,0,3,0,0,0,0,0,0,0,0,0,0,0,0,0,0,0,0,0,0,0,0,0,0,0,0,0,0,0,0,0,0,0,0,0,0,0,0,0,0,1,0,0,0,0,0,0,0,0,0
zerotier/ZeroTierOne,0,0,0,0,0,0,24,0,0,0,39,0,1,1,3,0,16,0,0,0,0,0,4,0,1,0,0,0,0,0,0,0,0,0,0,0,0,19,0,1,53,0,0,0,0,15,0,0,0,0,0,0,0,0,0,0,0,0,0,0,8,0,0,0,3,0,0,0,3,0,0,0,0,0,0,0,0,0,0,14,0,0,0,0,0,0,1,0,0
Hawstein/cracking-the-coding-interview,0,0,0,0,0,0,0,0,0,0,0,0,0,0,0,0,1,0,0,0,0,0,0,0,0,0,0,0,0,0,0,0,0,0,0,0,0,23,0,0,18,0,0,0,0,0,0,0,0,0,0,0,0,0,0,0,0,0,0,0,0,0,0,0,0,0,0,0,0,0,0,0,0,0,0,0,0,0,0,9,0,0,0,0,0,0,0,0,0
user-none/Sigil,0,0,0,0,0,0,1,0,0,0,23,0,3,0,0,0,22,0,4,0,0,0,5,0,12,0,0,0,0,0,0,0,0,0,0,2,0,23,0,0,18,0,0,0,0,7,0,0,0,0,0,0,0,0,0,0,0,0,0,0,5,0,0,0,4,0,0,0,0,0,0,0,3,0,0,0,0,0,0,2,0,0,0,0,0,1,1,0,2
etexteditor/e,0,0,0,0,0,0,33,0,0,0,78,0,0,0,0,0,34,0,0,0,0,1,0,0,0,0,2,0,0,0,0,0,0,1,0,23,0,8,0,3,7,0,0,0,0,153,0,0,0,0,0,0,0,0,0,0,0,0,0,0,30,0,0,0,32,0,0,0,10,0,0,0,234,0,0,0,0,0,0,38,0,0,0,14,0,20,0,0,0
PointCloudLibrary/pcl,5,0,0,0,0,0,45,0,0,0,44,0,2,0,11,4,27,0,0,0,0,0,11,1,0,0,0,0,0,0,0,0,0,0,0,0,0,128,0,4,75,0,0,0,0,27,0,0,0,0,0,0,0,7,0,0,0,0,0,0,13,0,0,0,0,0,0,0,2,0,1,0,36,0,2,0,0,0,0,20,0,0,0,3,0,79,0,0,0
SupSuper/OpenXcom,0,0,0,0,0,0,4,0,0,0,98,2,5,0,28,0,155,0,4,11,0,4,51,0,1,0,0,0,0,0,0,0,0,0,0,0,0,61,0,0,132,0,0,0,1,118,0,0,0,0,0,0,0,0,0,0,0,0,0,0,45,0,0,0,15,0,0,0,2,0,22,0,356,0,0,0,0,0,2,14,0,0,0,10,0,13,23,0,0
eigengo/akka-patterns,0,0,0,0,0,0,0,0,0,0,0,0,0,0,0,0,0,0,0,0,0,0,0,0,0,0,0,0,0,0,0,0,0,0,0,0,0,0,0,0,3,0,0,0,0,5,0,0,0,0,0,0,0,0,0,0,0,0,0,0,0,0,0,0,0,0,0,0,0,0,0,0,0,0,0,0,0,0,0,0,0,0,0,0,0,1,0,0,0
JACoders/OpenJK,0,0,0,0,0,0,27,0,0,0,61,0,8,8,3,0,92,0,0,0,0,0,6,0,0,0,0,0,0,0,0,0,0,0,0,0,0,80,0,0,64,0,0,0,1,60,0,0,0,0,0,0,0,0,0,0,2,0,4,0,10,0,0,0,0,0,0,0,0,0,1,0,8,0,0,0,0,0,0,32,0,0,0,6,0,2,0,0,0
acaudwell/Logstalgia,0,0,0,0,0,0,0,0,0,0,30,0,0,0,0,0,3,0,0,0,0,0,0,0,0,0,0,0,0,0,0,0,0,0,0,0,0,2,0,0,8,0,0,0,0,8,0,0,0,0,0,0,0,0,0,0,0,0,0,0,7,0,0,0,0,0,0,0,0,0,0,0,0,0,0,0,0,0,0,7,0,0,0,0,0,0,0,0,0
PCSX2/pcsx2,1,0,0,0,0,0,4,0,0,0,44,0,2,0,6,0,62,0,0,0,0,0,2,0,1,0,0,0,0,0,0,0,0,0,0,2,0,27,0,21,39,0,0,0,0,41,0,0,0,0,0,0,0,0,0,0,0,0,0,0,22,0,0,0,4,0,0,0,3,0,0,0,10,0,0,0,0,0,0,33,0,0,0,0,0,0,1,0,7
bkaradzic/bgfx,0,0,0,0,0,0,0,0,0,0,9,0,1,0,1,0,47,0,0,0,0,0,3,0,0,0,0,0,0,0,0,0,0,0,0,0,0,56,0,0,40,0,0,0,0,3,0,0,0,0,0,0,0,0,0,0,0,0,0,0,1,0,0,0,21,0,0,0,0,0,0,0,1,0,0,0,0,0,0,2,0,0,0,4,0,2,0,0,0
fabianschuiki/OpenSkyscraper,0,0,0,0,0,0,0,0,0,0,0,0,0,0,0,0,0,0,0,0,0,0,0,0,0,0,0,0,0,0,0,0,0,0,0,0,0,3,0,0,3,0,0,0,0,0,0,0,0,0,0,0,0,0,0,0,0,0,0,0,0,0,0,0,0,0,0,0,0,0,0,0,0,0,0,0,0,0,0,0,0,0,0,0,0,0,0,0,0
miloyip/rapidjson,0,0,0,0,0,0,12,0,0,0,0,0,8,0,0,0,0,0,0,0,0,0,0,0,0,0,0,0,0,0,0,0,0,0,0,0,0,0,0,0,0,0,0,0,0,34,0,0,0,0,0,0,0,0,0,0,0,0,0,0,12,0,0,0,0,0,0,0,0,0,0,0,0,0,0,0,0,0,0,0,0,0,0,0,0,0,0,0,0
joeferner/node-java,0,0,0,0,0,0,0,0,0,0,5,0,0,0,0,0,7,0,0,0,0,0,0,0,0,0,0,0,0,0,0,0,0,0,0,0,0,0,0,0,0,0,0,0,0,0,0,0,0,0,0,0,0,0,0,0,0,0,0,0,0,0,0,0,4,0,0,0,0,0,0,0,5,0,0,0,0,0,0,0,0,0,0,0,0,0,0,0,0
kripken/ammo.js,0,0,0,0,0,0,0,0,0,0,0,0,0,0,0,0,2,0,0,0,0,0,0,0,0,0,0,0,0,0,0,0,0,0,0,0,0,10,0,0,6,0,0,0,0,0,0,0,0,0,0,0,0,6,0,0,0,0,0,0,0,0,0,0,0,0,0,0,0,0,0,0,0,0,0,0,1,1,0,0,0,0,0,2,0,0,0,0,0
AGWA/git-crypt,0,0,0,0,0,0,3,0,0,0,12,0,1,0,0,0,2,0,0,0,0,0,2,0,1,0,0,0,0,0,0,0,0,0,0,0,0,0,0,0,11,0,0,0,0,7,0,0,0,0,0,0,0,0,0,0,0,0,0,0,6,0,0,0,1,0,0,0,0,0,0,0,0,0,0,0,0,0,0,0,0,0,0,0,0,0,0,0,0
haxenme/nme,0,0,0,0,0,0,4,0,0,0,1,0,0,0,35,1,0,0,0,0,0,0,2,0,0,0,0,0,0,0,0,0,0,0,0,0,0,19,0,0,11,0,0,0,0,14,0,0,0,0,0,0,0,0,0,0,0,0,0,0,3,0,0,0,0,0,0,0,0,0,0,0,8,0,0,0,0,0,0,0,0,0,0,3,0,13,2,0,0
huceke/omxplayer,0,0,0,0,1,0,0,0,0,0,2,0,0,0,0,0,1,0,0,0,0,0,1,0,0,0,0,0,0,0,0,0,0,0,0,0,0,4,0,0,9,0,0,0,0,6,0,0,0,0,0,0,0,0,0,0,0,0,0,0,1,0,0,0,0,0,0,0,0,0,0,0,1,0,0,0,0,0,0,0,0,0,0,1,0,1,0,0,1
kylelutz/compute,5,0,0,0,0,0,110,0,0,2,29,0,4,0,1,0,5,3,0,0,0,0,90,0,3,4,0,1,0,0,3,14,0,0,0,1,0,2,0,9,67,0,0,0,0,2,0,6,0,2,0,0,8,15,0,3,0,6,0,0,2,0,0,0,0,0,0,0,6,0,6,3,6,3,3,3,3,3,0,73,0,3,0,2,0,9,6,0,0
progschj/OpenGL-Examples,0,0,0,0,0,0,0,0,0,0,14,0,0,0,2,0,1,0,0,0,0,0,7,0,0,0,0,0,0,0,0,0,0,0,0,0,0,6,0,0,7,0,0,0,0,1,0,0,0,0,0,0,0,0,0,0,0,0,0,0,0,0,0,0,0,0,0,0,0,0,4,0,0,0,0,0,0,0,0,3,0,0,0,1,0,0,0,0,0
lightspark/lightspark,0,0,0,0,0,0,8,0,0,0,73,0,5,4,25,0,95,0,0,0,0,0,0,0,0,0,0,0,0,0,0,0,0,0,0,4,0,36,0,0,41,0,0,0,0,27,0,0,0,0,0,0,0,0,0,0,0,0,0,0,12,0,0,1,13,0,0,0,0,0,0,0,12,0,0,0,0,0,0,0,0,0,0,1,0,12,10,0,0
OpenImageIO/oiio,2,0,0,0,0,0,32,0,0,0,71,0,9,0,6,0,38,0,0,0,0,0,9,0,0,0,0,0,0,0,0,0,0,0,0,0,0,64,0,0,61,0,0,0,0,7,0,0,0,0,0,0,0,0,0,0,0,0,0,0,7,0,0,0,8,0,0,0,1,0,0,0,16,0,0,0,0,0,0,14,0,0,2,40,0,0,4,0,0
GraphChi/graphchi-cpp,0,0,0,0,0,0,7,0,0,0,29,0,5,0,0,0,5,0,0,0,0,0,2,0,6,0,0,0,0,0,0,0,0,0,0,0,0,40,0,3,47,0,0,0,0,7,0,0,0,0,1,0,0,0,0,0,0,0,0,1,6,0,0,0,0,0,0,0,3,0,0,0,0,0,0,1,0,0,1,13,0,0,0,0,0,0,0,0,0
ispc/ispc,1,0,0,0,0,0,15,0,0,0,101,0,17,0,2,0,24,0,2,0,0,0,40,1,1,0,0,0,0,0,0,0,0,0,0,0,0,143,0,2,379,0,0,0,1,11,0,0,0,0,0,0,0,0,0,0,0,0,0,2,10,0,0,0,10,0,0,0,0,0,0,0,1,0,0,0,0,0,8,23,0,0,0,6,0,5,5,0,0
weicao/cascadb,0,0,0,0,0,0,2,0,0,0,79,0,0,0,0,0,21,0,0,0,0,0,0,0,0,0,0,0,0,0,0,0,0,0,0,5,0,16,0,3,1,0,0,0,0,0,0,0,0,0,0,0,0,0,0,0,0,0,0,0,0,0,0,0,0,0,0,0,0,0,0,0,2,0,0,0,0,0,0,3,0,0,0,6,0,0,0,0,0
rainmeter/rainmeter,0,0,0,0,0,0,2,0,0,0,6,0,0,0,0,0,37,0,4,0,0,0,0,0,0,0,0,1,0,0,0,0,0,0,0,0,0,3,0,0,16,0,0,0,0,4,0,0,0,0,0,0,0,0,0,0,0,0,0,0,0,0,0,0,6,0,0,0,2,0,0,0,1,0,0,0,0,0,0,0,0,0,0,5,0,0,0,0,0
llvm-mirror/llvm,11,0,0,0,0,2,299,1,4,0,798,14,149,0,43,0,720,0,5,8,0,9,198,0,27,0,0,0,0,0,0,2,0,0,0,23,0,368,3,204,2232,0,5,0,52,1090,0,0,2,0,0,0,0,6,0,0,0,0,0,3,500,0,0,2,427,0,0,0,96,0,26,0,102,0,1,0,0,1,643,206,0,0,14,302,1,187,242,0,13
libRocket/libRocket,0,0,0,0,0,0,13,0,0,0,18,0,0,0,3,0,66,0,0,0,0,2,8,0,2,0,0,0,0,0,0,0,0,0,0,0,0,7,0,0,5,0,0,0,0,86,0,0,0,0,0,0,0,0,0,0,0,0,0,0,11,0,0,0,6,0,0,0,0,0,0,0,4,0,1,0,0,0,1,22,0,0,2,2,0,0,0,0,0
vslavik/poedit,76,9,37,5,0,29,888,14,66,21,1255,45,564,34,218,52,604,53,62,53,0,388,226,12,47,46,20,18,0,0,0,45,18,6,45,58,25,779,123,95,772,73,49,12,73,573,0,30,3,32,42,4,11,107,0,0,13,29,15,45,328,45,24,37,215,46,24,22,283,17,54,18,262,42,31,29,29,29,75,475,13,19,29,324,24,233,187,0,52
citra-emu/citra,1,0,0,0,0,0,35,0,0,0,32,0,1,0,5,0,43,0,0,5,0,1,0,0,0,0,0,0,0,0,0,0,0,0,0,0,0,10,0,0,25,0,0,0,0,25,0,0,0,0,0,0,0,1,0,0,0,0,0,0,15,0,0,0,4,0,0,0,0,0,28,0,4,0,0,0,0,0,0,1,0,0,0,3,0,3,5,0,0
scummvm/scummvm,0,0,0,0,0,0,2,0,0,0,3,0,0,0,1,0,44,0,2,0,0,0,9,0,1,0,0,0,0,0,0,0,0,0,0,0,0,0,0,0,2,0,0,0,0,11,0,0,0,0,0,0,0,0,0,0,0,0,0,0,7,0,0,1,12,0,0,0,0,0,0,0,1,0,0,0,0,0,0,15,0,0,0,0,0,4,0,0,0
Tokutek/mongo,0,0,0,0,0,0,63,0,0,0,27,0,7,0,2,0,52,0,4,0,0,0,1,0,1,0,0,0,0,0,0,0,0,0,0,2,0,114,0,0,122,0,0,0,0,131,0,0,0,0,0,0,0,0,0,0,0,0,0,1,56,0,0,0,5,0,0,0,0,0,0,0,3,0,0,0,0,0,1,45,0,0,0,2,0,2,0,0,1
OpenMW/openmw,0,0,0,0,0,6,25,0,0,0,40,0,2,0,5,0,169,0,0,0,0,3,6,0,2,0,0,0,0,0,0,0,0,0,0,1,0,58,0,4,51,0,0,0,3,76,0,0,0,0,0,0,0,0,0,0,0,0,0,0,39,0,0,1,10,0,0,0,2,0,1,0,85,0,1,0,0,0,1,17,0,0,0,2,0,6,6,0,0
0ad/0ad,8,0,0,0,0,1,19,0,0,0,51,0,9,0,3,0,31,0,0,1,0,5,10,0,1,0,0,0,0,0,0,0,0,0,0,0,0,107,0,2,107,0,0,0,0,54,0,0,0,0,0,0,0,0,0,0,0,0,0,1,14,0,0,1,6,0,0,0,3,0,8,0,10,0,0,0,0,0,1,16,0,0,1,31,0,88,3,0,0
clementine-player/Clementine,1,0,0,0,0,0,11,0,0,0,189,1,2,0,2,0,32,0,0,0,0,0,0,0,0,0,0,0,0,0,0,0,0,0,0,4,0,10,0,2,51,0,0,0,0,123,0,0,0,0,0,0,0,0,0,0,0,0,0,3,54,0,0,0,8,0,0,0,7,0,0,0,60,3,0,0,0,0,32,19,0,0,1,7,0,9,16,0,4
yinqiwen/ardb,0,0,0,0,0,0,0,0,0,0,15,0,0,0,17,0,14,0,0,0,0,0,0,0,5,0,0,0,0,0,0,0,0,0,0,5,0,18,0,0,13,0,0,0,0,3,0,0,0,0,0,0,0,0,0,0,0,0,0,0,0,0,0,0,2,0,0,0,3,0,0,0,5,0,0,0,0,0,0,27,0,0,0,0,0,0,0,0,0
RuntimeCompiledCPlusPlus/RuntimeCompiledCPlusPlus,0,0,0,0,0,0,15,0,0,0,58,0,4,4,1,0,84,0,0,0,0,2,9,0,5,0,0,0,0,0,0,0,0,0,0,0,0,20,0,0,22,0,0,0,0,122,0,0,0,0,0,0,0,0,0,0,0,0,0,0,16,0,0,0,9,0,0,0,0,0,0,0,6,0,1,0,0,0,1,22,0,0,2,4,0,0,0,0,0
wxWidgets/wxWidgets,0,0,0,0,0,0,3,0,0,0,11,0,2,0,5,0,2,0,0,0,0,0,0,0,1,0,0,0,0,0,0,0,0,0,0,0,0,15,0,0,18,0,0,0,0,38,0,0,0,0,0,0,0,0,0,0,0,0,0,0,14,0,0,0,0,0,0,0,2,0,0,0,5,0,0,0,0,0,0,21,0,0,0,23,0,16,1,0,0
freelan-developers/freelan-all,0,0,0,0,0,0,0,0,0,0,5,0,0,0,0,0,9,0,2,2,0,1,0,0,0,0,0,4,0,0,0,0,0,0,0,0,0,0,0,0,0,0,0,0,0,1,0,0,0,0,0,0,0,0,0,0,0,0,0,0,0,0,0,0,0,0,0,0,0,0,0,0,0,0,0,0,0,0,0,0,0,0,0,1,0,0,0,0,0
facebook/fbthrift,0,0,0,0,0,0,14,0,0,0,3,0,0,0,1,0,8,0,0,0,0,0,1,0,0,0,0,0,0,0,0,0,0,0,0,0,0,35,0,1,23,0,0,0,0,44,0,0,0,0,0,0,0,0,0,0,0,0,0,1,7,0,0,0,1,0,0,0,1,0,0,0,0,0,0,0,0,0,1,1,0,0,0,0,0,13,25,0,0
baldurk/renderdoc,0,0,0,0,0,0,5,0,0,0,3,0,0,0,2,0,10,0,0,0,0,0,0,0,0,0,0,0,0,0,0,0,0,0,0,0,0,0,0,1,5,0,0,0,0,0,0,0,0,0,0,0,0,0,0,0,0,0,0,0,0,0,0,0,2,0,0,0,1,0,0,0,0,0,0,0,0,0,0,10,0,0,0,0,0,0,1,0,0
nolanbrown/Tesseract-iPhone-Demo,0,0,0,0,0,0,3,0,0,0,11,0,0,0,2,0,1,0,0,0,0,0,0,0,0,0,0,0,0,0,0,0,0,0,0,0,0,0,0,0,0,0,0,0,0,1,0,0,0,0,0,0,0,0,0,0,0,0,0,0,1,0,0,0,0,0,0,0,8,0,0,0,0,0,0,0,0,0,0,0,0,0,0,0,0,0,2,0,0
reverbrain/elliptics,0,0,0,0,0,0,25,0,0,0,73,0,7,0,4,0,86,0,2,0,0,0,3,0,0,0,0,0,0,0,0,0,0,0,0,2,0,4,0,20,4,0,0,0,0,45,0,0,0,0,0,0,0,0,0,0,0,0,0,3,31,0,0,0,0,0,0,0,0,0,0,0,0,0,0,0,0,0,3,29,0,0,0,1,0,26,34,0,0
wisk/medusa,0,0,0,0,1,0,0,0,0,0,0,0,0,0,1,0,6,0,0,0,0,0,0,0,0,0,0,0,0,0,0,0,0,0,0,0,0,0,0,0,1,0,0,0,0,8,0,0,0,0,0,0,0,0,0,0,0,0,0,0,2,0,0,2,1,0,0,0,0,0,0,0,0,0,0,0,0,0,0,1,0,0,0,0,0,0,1,0,0
FellowTraveler/Open-Transactions-old,0,0,0,0,0,0,35,0,0,0,163,0,2,0,1,0,119,0,0,1,0,0,37,0,0,0,0,0,0,0,0,0,0,0,0,0,0,6,0,0,33,0,0,0,1,97,0,0,0,0,0,0,0,0,0,0,0,0,0,0,37,0,0,0,11,0,0,0,1,0,0,0,8,0,0,0,0,0,0,2,0,0,0,13,0,0,1,0,0
jckarter/clay,0,0,0,0,0,0,0,0,0,0,12,0,0,0,0,0,0,0,0,0,0,0,0,0,0,0,0,0,0,0,0,0,0,0,0,0,0,7,0,0,1,0,0,0,0,0,0,0,0,0,0,0,0,0,0,0,0,0,0,0,0,0,0,0,0,0,0,0,0,0,0,0,0,0,0,0,0,0,0,0,0,0,0,2,0,0,0,0,0
appcelerator/titanium_desktop,0,0,0,0,0,0,4,0,0,0,0,0,0,0,0,0,1,0,0,0,0,0,0,0,0,0,0,0,0,0,0,0,0,0,0,0,0,0,0,0,0,0,0,0,0,0,0,0,0,0,0,0,0,0,0,0,0,0,0,0,0,0,0,0,0,0,0,0,0,0,0,0,0,0,0,0,0,0,0,0,0,0,0,0,0,0,0,0,0
doxygen/doxygen,0,0,0,0,0,0,0,0,0,0,1,0,0,0,4,0,10,0,2,0,0,0,0,0,2,0,0,0,0,0,0,0,0,0,0,0,0,0,0,0,0,0,0,0,0,0,0,0,0,0,0,0,0,0,0,0,0,0,0,0,0,0,0,0,13,0,0,0,0,0,0,0,10,0,0,0,0,0,0,4,0,0,0,0,0,1,0,0,0
horde3d/Horde3D,0,0,0,0,0,0,0,0,0,0,7,0,0,0,0,0,9,0,0,0,0,0,1,0,0,0,0,0,0,0,0,0,0,0,0,0,0,2,0,0,2,0,0,0,0,6,0,0,0,0,0,0,0,0,0,0,0,0,0,0,3,0,0,1,1,0,0,0,0,0,0,0,4,0,0,0,0,0,0,6,0,0,0,9,0,4,0,0,0
taglib/taglib,0,0,0,0,0,0,0,0,0,0,27,0,0,0,0,0,14,0,0,0,0,0,0,0,0,0,0,0,0,0,0,0,0,0,0,0,0,1,0,0,16,0,0,0,0,9,0,0,0,0,0,0,0,0,0,0,0,0,0,0,6,0,0,0,4,0,0,0,2,0,0,0,1,0,0,0,0,0,0,0,0,0,0,9,0,0,0,0,0
fador/mineserver,0,0,0,0,0,0,1,0,0,0,41,0,0,0,1,0,7,0,0,3,0,0,12,0,0,0,0,0,0,0,0,0,0,0,0,0,0,18,0,0,55,0,0,0,0,64,0,0,0,0,0,0,0,0,0,0,0,0,0,0,44,0,0,3,2,0,0,0,1,0,0,0,1,0,0,0,0,0,0,1,0,0,0,0,0,1,1,0,0
webcoyote/coho,0,0,0,0,0,0,3,0,0,0,5,0,0,0,0,0,7,0,0,0,0,2,0,0,0,0,0,0,0,0,0,0,0,0,0,0,0,0,0,1,2,0,0,0,0,1,0,0,0,0,0,0,0,0,0,0,0,0,0,0,0,0,0,0,0,0,0,0,0,0,0,0,1,0,0,0,0,0,0,0,0,0,0,0,0,0,0,0,0
bloomberg/bde,0,0,1,0,0,0,571,0,0,0,406,5,453,83,10,0,633,0,39,0,0,0,22,0,16,0,0,0,0,0,0,0,0,0,0,109,0,324,2,43,230,0,0,0,0,250,0,14,0,0,2,0,0,1,0,0,0,0,0,12,135,0,0,9,261,0,0,0,243,0,26,0,89,0,0,0,0,0,19,91,0,0,0,705,0,0,140,0,98
wesnoth/wesnoth,12,0,0,0,0,0,62,0,0,0,186,0,12,4,21,1,375,0,2,38,0,4,11,0,0,0,0,0,0,0,0,0,0,0,1,4,0,311,0,32,258,1,1,0,0,618,0,3,0,0,1,0,0,0,0,0,1,0,1,0,120,0,0,3,17,0,0,0,24,0,8,0,39,7,0,0,0,0,0,104,0,0,1,14,0,13,3,0,0
zeromq/zeromq2-x,0,0,0,0,0,0,8,0,0,0,34,0,0,0,3,0,6,2,0,0,0,0,2,0,0,0,0,0,0,0,0,0,0,0,0,0,0,18,0,0,42,0,0,0,0,5,0,0,0,0,0,0,0,0,0,0,0,0,0,0,2,0,0,1,0,0,0,0,0,0,0,0,0,0,0,0,0,0,0,0,0,0,0,28,0,0,0,0,0
stan-dev/stan,0,0,0,0,0,0,2,0,0,0,0,0,0,0,0,0,4,0,0,0,0,0,0,0,0,0,0,0,0,0,0,0,0,0,1,0,0,6,0,0,6,0,0,0,0,0,0,0,0,0,0,0,0,0,0,0,0,0,0,0,0,0,0,0,0,0,0,0,0,0,0,0,0,0,0,0,0,0,0,6,0,0,0,0,0,0,0,0,0
scanlime/zenphoton,0,0,0,0,0,0,0,0,0,0,3,0,0,0,0,0,0,0,0,0,0,0,1,0,0,0,0,0,0,0,0,0,0,0,0,1,0,0,0,0,0,0,0,0,0,0,0,0,0,0,0,0,0,0,0,0,0,0,0,0,0,0,0,0,0,0,0,0,0,0,0,0,1,0,0,0,0,0,0,0,0,0,0,0,0,1,0,0,0
akrennmair/newsbeuter,0,0,0,0,0,0,2,0,0,0,96,0,5,0,11,0,30,0,7,0,0,0,6,0,0,0,0,1,0,0,0,0,0,0,0,0,0,15,0,0,11,0,0,0,0,18,0,0,0,0,0,0,0,3,0,0,0,0,0,0,17,0,0,0,25,0,0,0,31,0,0,0,47,0,0,0,0,0,0,83,0,0,11,6,0,5,1,0,0
christopho/solarus,0,0,0,0,0,0,3,0,0,0,0,0,1,0,3,0,6,0,0,0,0,0,1,0,0,0,0,0,0,0,0,0,0,0,0,0,0,14,0,0,14,0,0,0,0,7,0,0,0,0,0,0,0,0,0,0,0,0,0,0,6,0,0,0,0,0,0,0,0,0,0,0,0,0,0,0,0,0,0,0,0,0,0,0,0,0,6,0,0
sudar/Yahoo_LDA,0,0,0,0,0,0,1,0,0,0,41,0,2,0,0,0,7,0,2,0,0,0,1,0,0,0,0,0,0,0,0,0,0,0,0,0,0,10,0,0,20,0,0,0,1,2,0,0,0,0,0,0,0,0,0,0,0,0,0,0,2,0,0,0,2,0,0,0,0,0,0,0,0,0,0,0,0,0,0,0,0,0,0,0,0,0,2,0,0
TooTallNate/node-lame,0,0,0,0,0,0,0,0,0,0,2,0,0,0,6,0,1,0,0,0,0,0,1,0,0,0,0,0,0,0,0,0,0,0,0,0,0,0,0,0,3,0,0,0,0,1,0,0,0,0,0,0,0,0,0,0,0,0,0,0,1,0,0,0,0,0,0,0,0,0,0,0,0,0,0,0,0,0,0,2,0,0,0,0,0,0,0,0,0
pioneerspacesim/pioneer,0,0,0,0,0,0,9,0,0,0,36,0,4,0,11,0,51,0,1,0,0,0,13,0,0,0,0,0,0,0,0,0,0,0,0,1,0,105,0,9,94,0,0,0,0,79,0,0,0,0,0,0,0,0,0,0,0,0,0,1,20,0,0,2,6,0,0,0,3,0,3,0,26,0,0,0,0,0,1,10,0,0,0,1,0,4,12,0,1
DrWhax/truecrypt-archive,0,0,0,0,0,0,0,0,0,0,4,0,0,0,0,0,0,0,0,0,0,0,0,0,0,0,0,0,0,0,0,0,0,0,0,0,0,4,0,0,8,0,0,0,0,0,0,0,0,0,0,0,0,0,0,0,0,0,0,0,0,0,0,0,0,0,0,0,0,0,0,0,4,0,0,0,0,0,0,0,0,0,0,0,0,0,0,0,0
Kitware/VTK,3,0,0,0,0,0,1,0,0,0,4,0,7,0,0,0,6,0,0,0,0,0,1,0,0,0,0,0,0,0,0,0,0,0,0,0,0,0,0,1,4,0,0,0,0,0,0,0,0,0,0,0,0,0,0,0,0,0,0,0,0,0,0,0,0,0,0,0,0,0,0,0,0,0,0,0,0,0,0,0,0,0,0,0,0,0,0,0,0
DFHack/dfhack,0,0,0,0,0,0,42,0,0,0,288,0,8,0,15,0,307,0,0,0,0,2,6,0,1,0,0,0,0,0,0,0,0,0,0,0,0,209,0,5,238,0,0,0,0,79,0,0,0,0,0,0,0,0,0,0,0,0,0,0,36,0,0,0,0,0,0,0,5,0,0,0,58,0,0,0,0,0,0,80,0,0,0,2,0,5,2,0,0
tvdzwan/hyperion,0,0,0,0,0,0,1,0,0,0,5,0,0,0,0,0,3,0,0,0,0,0,0,0,6,0,0,0,0,0,0,0,0,0,0,0,0,17,0,0,23,1,0,0,0,1,0,0,0,0,0,0,0,0,0,0,0,0,0,0,1,0,0,0,0,0,0,0,0,0,0,0,0,0,0,0,0,0,0,2,0,0,0,0,0,1,3,0,0
wdas/ptex,1,0,0,0,0,0,25,0,0,0,27,0,0,0,5,0,3,0,0,0,0,0,8,0,0,0,0,0,0,0,0,0,0,0,0,0,0,6,0,0,14,0,0,0,0,0,0,0,0,0,0,0,0,0,0,0,0,0,0,0,0,0,0,0,0,0,0,0,1,0,0,0,0,0,0,0,0,0,0,4,0,0,2,1,0,0,2,0,0
open-source-parsers/jsoncpp,0,0,0,0,0,0,0,0,0,0,0,0,0,0,0,0,2,0,0,0,0,0,0,0,0,0,0,0,0,0,0,0,0,0,0,0,0,0,0,0,0,0,0,0,0,2,0,0,0,0,0,0,0,0,0,0,0,0,0,0,2,0,0,0,0,0,0,0,0,0,0,0,0,0,0,0,0,0,0,1,0,0,0,0,0,0,0,0,0
MaddTheSane/perian,0,0,0,0,0,0,0,0,0,0,0,0,0,0,0,0,2,0,0,0,0,0,0,0,0,0,0,0,0,0,0,0,0,0,0,2,0,0,0,0,0,0,0,0,0,0,0,0,0,0,0,0,0,0,0,0,0,0,0,0,0,0,0,0,0,0,0,0,0,0,0,0,0,0,0,0,0,0,0,0,0,0,0,0,0,0,0,0,0
s3fs-fuse/s3fs-fuse,0,0,0,0,0,0,67,0,0,0,32,0,2,0,15,0,60,0,11,0,0,0,0,0,0,0,0,0,0,0,0,0,0,0,0,0,0,39,0,0,4,0,0,0,0,32,0,0,0,0,0,0,0,0,0,0,0,0,0,0,30,0,0,0,2,0,0,0,0,0,0,0,4,0,0,0,0,0,0,69,0,0,0,0,0,3,0,0,0
crossroads-io/libxs,0,0,0,0,0,0,0,0,0,0,2,0,0,0,0,0,4,2,0,0,0,0,3,0,0,0,0,0,0,0,0,0,0,0,0,0,0,19,0,0,29,0,0,0,0,7,0,0,0,0,0,0,0,0,0,0,0,0,0,0,2,0,0,1,0,0,0,0,0,0,0,0,0,0,0,0,0,0,0,0,0,0,0,0,0,0,1,0,0
winlinvip/simple-rtmp-server,0,0,0,0,0,0,47,0,0,0,29,0,22,0,4,0,10,0,0,0,0,0,4,0,0,0,0,0,0,0,0,0,0,0,0,0,0,47,0,13,10,0,0,0,0,40,0,0,0,0,0,0,0,0,0,0,0,0,0,0,37,0,0,0,5,0,0,0,0,0,0,0,1,0,0,0,0,0,0,0,0,0,0,2,0,0,1,0,0
mscdex/node-mariasql,0,0,0,0,0,0,0,0,0,0,4,0,0,0,0,0,2,0,0,0,0,0,0,0,0,0,0,0,0,0,0,0,0,0,0,0,0,0,0,0,3,0,0,0,0,3,0,0,0,0,0,0,0,0,0,0,0,0,0,0,3,0,0,0,0,0,0,0,2,0,3,0,0,0,0,0,0,0,0,0,0,0,0,50,0,0,0,0,0
udoprog/c10t,0,0,0,0,0,0,0,0,0,0,0,0,0,0,0,0,0,0,0,0,0,0,0,0,0,0,0,0,0,0,0,0,0,0,0,0,0,9,0,0,5,0,0,0,0,0,0,0,0,0,0,0,0,0,0,0,0,0,0,0,0,0,0,0,0,0,0,0,3,0,0,0,0,0,0,0,0,0,0,0,0,0,0,0,0,0,0,0,0
ChaiScript/ChaiScript,0,0,0,0,0,0,0,0,0,0,0,0,0,0,0,0,0,0,0,0,0,0,0,0,0,0,0,0,0,0,0,0,0,0,0,0,0,3,0,0,0,0,0,0,0,0,0,0,0,0,0,0,0,0,0,0,0,0,0,0,0,0,0,0,0,0,0,0,0,0,0,0,0,0,0,0,0,0,0,0,0,0,0,0,0,0,0,0,0
HeliumProject/Helium,0,0,0,0,0,0,4,0,0,0,52,0,0,0,0,0,36,0,0,0,0,0,2,0,0,0,0,0,0,0,0,0,0,0,0,0,0,1,0,0,4,0,0,0,0,37,0,0,0,0,0,0,0,0,0,0,0,0,0,0,8,0,0,0,0,0,0,0,0,0,0,0,10,0,0,0,0,0,0,12,0,0,0,0,0,41,3,0,0
LMMS/lmms,0,0,0,0,0,0,15,0,0,0,4,0,1,0,8,0,19,0,0,0,0,0,3,0,1,0,0,0,0,0,0,0,0,0,0,0,0,15,0,0,36,0,0,0,1,92,0,0,0,0,0,0,0,0,0,0,0,0,0,0,26,0,0,0,0,0,0,0,0,0,0,0,0,0,0,0,0,0,0,5,0,0,0,12,0,4,1,0,0
google/skia,0,0,0,0,0,0,0,0,0,0,2,0,1,0,5,0,1,0,0,0,0,0,0,0,0,0,0,0,0,0,0,0,0,0,0,0,0,75,0,0,64,0,0,0,0,5,0,0,0,0,0,0,0,0,0,0,0,0,0,0,0,0,0,0,1,0,0,0,0,0,0,0,0,0,0,0,0,0,0,1,0,0,0,9,0,3,0,0,0
facebook/fatal,0,0,0,0,0,2,0,0,0,0,27,0,0,0,0,0,2,0,0,0,0,0,0,0,0,0,0,0,0,0,0,0,0,0,0,0,0,0,0,0,0,0,0,0,0,0,0,0,0,0,0,0,0,0,0,0,0,0,0,0,0,0,0,0,0,0,0,0,0,0,0,0,2,0,0,0,0,0,0,8,0,0,0,0,0,0,0,0,0
jeremyong/Selene,0,0,0,0,0,0,0,0,0,0,0,0,1,0,0,0,1,0,0,0,0,1,0,0,0,0,0,0,0,0,0,0,0,0,0,0,0,0,0,0,0,0,0,0,0,0,0,0,0,0,0,0,0,0,0,0,0,0,0,0,0,0,0,0,0,0,0,0,0,0,0,0,0,0,0,0,0,0,0,0,0,0,0,0,0,0,0,0,0
chriskohlhoff/asio,0,0,0,0,0,0,0,0,0,0,32,0,3,0,0,0,0,0,0,0,0,5,0,0,0,0,2,2,0,0,0,0,0,0,0,0,0,2,0,2,31,0,0,0,0,1,0,0,0,0,0,0,0,0,0,0,0,0,0,0,0,0,0,0,0,0,0,0,0,0,0,0,0,0,0,0,0,0,2,13,0,0,0,4,0,0,0,0,0
matus-chochlik/oglplus,0,0,0,0,0,0,4,0,0,0,10,0,0,0,0,0,0,0,0,0,0,0,0,0,0,0,0,0,0,0,0,0,0,0,0,0,0,6,0,0,4,0,0,0,0,0,0,0,0,0,0,0,0,0,0,0,0,0,0,0,0,0,0,0,0,0,0,0,0,0,0,0,0,0,0,0,0,0,0,4,0,0,0,0,0,0,20,0,0
ddemidov/vexcl,1,0,0,0,0,0,9,0,0,0,5,0,5,0,0,0,0,0,0,0,0,0,2,0,0,1,0,2,0,0,0,2,0,0,0,1,0,7,0,0,4,0,0,0,0,0,0,0,0,0,0,0,2,0,0,0,0,0,0,0,0,0,0,0,0,0,0,0,0,0,1,0,0,0,0,0,0,0,0,45,0,0,5,0,0,0,1,0,1
highfidelity/hifi,6,0,0,0,0,0,9,0,0,0,17,0,1,0,0,0,26,0,0,0,0,0,0,0,0,0,0,0,0,0,0,0,0,0,0,0,0,61,0,1,65,0,0,0,0,24,0,0,0,0,0,0,0,0,0,0,0,0,0,0,10,0,0,0,0,0,0,0,0,0,3,0,0,0,0,0,0,0,0,20,0,0,0,1,0,4,0,0,0
openMVG/openMVG,3,0,0,0,0,0,19,0,0,0,20,0,2,0,24,8,77,0,0,0,0,0,0,0,1,0,0,0,0,0,0,0,0,0,0,0,0,46,5,0,69,0,0,0,0,55,0,0,0,0,0,0,0,0,0,0,0,0,0,0,34,0,0,0,1,0,0,0,0,0,0,0,1,0,1,2,0,0,0,16,0,0,0,0,0,7,3,0,0
moses-smt/mosesdecoder,10,0,0,0,2,1,64,0,0,0,309,0,19,1,13,0,202,0,6,0,0,1,11,0,0,6,0,0,0,0,0,1,0,0,0,0,0,277,0,13,374,2,0,0,21,83,0,0,0,2,1,0,0,1,0,0,0,0,0,3,44,0,0,2,29,0,0,0,3,0,0,0,150,0,1,5,0,0,19,102,0,0,0,27,0,13,11,0,0
llvm-mirror/clang,1,0,0,1,1,0,184,1,0,0,132,0,28,1,26,0,379,0,3,7,0,0,68,0,24,0,0,0,0,0,0,0,0,0,0,6,0,64,0,155,440,0,0,0,73,309,0,0,0,0,0,0,0,1,0,0,0,0,0,0,126,0,0,5,71,0,0,0,53,0,0,0,54,0,0,0,0,0,11,75,0,1,5,35,0,24,127,0,7
mosra/magnum,0,0,0,0,0,0,9,0,0,0,2,0,1,0,0,0,0,0,0,0,0,0,0,0,0,0,0,1,0,0,0,0,0,0,0,0,0,4,1,1,5,0,4,1,0,15,0,0,0,0,0,0,0,0,0,0,0,0,0,0,1,0,0,0,0,0,0,0,0,0,0,0,0,0,0,0,0,0,0,3,0,0,0,2,0,7,13,0,0
zeromq/zeromq3-x,0,0,0,0,0,0,11,0,0,0,111,0,2,2,0,0,3,2,0,0,0,0,1,0,0,0,0,0,0,0,0,0,0,0,0,0,0,43,0,0,125,0,0,0,0,15,0,0,0,0,0,0,0,0,0,0,0,0,0,0,2,0,0,1,0,0,0,0,0,0,0,0,0,0,0,0,0,0,0,0,0,0,0,0,0,0,0,0,0
wang-bin/QtAV,0,0,0,0,0,0,20,0,0,0,32,0,0,0,0,0,5,0,0,0,0,0,0,0,0,0,0,0,0,0,0,0,0,0,0,0,0,2,0,0,16,0,0,0,0,3,0,0,0,0,0,0,0,0,0,0,0,0,0,0,2,0,0,0,0,0,0,0,0,0,0,0,3,0,0,0,0,0,0,12,0,0,0,6,0,0,0,0,0
simsong/tcpflow,0,0,0,0,0,0,2,0,0,0,30,0,0,0,1,0,1,0,1,0,0,0,0,0,0,0,0,0,0,0,0,0,0,0,0,0,0,3,0,0,5,0,0,0,0,0,0,0,0,0,2,0,0,0,0,0,0,0,0,0,0,0,0,0,0,0,0,0,4,0,0,0,0,0,0,0,0,0,0,4,0,0,0,0,0,2,0,0,0
p3/regal,1,0,0,0,0,0,12,0,0,0,4422,0,0,0,60,0,13,0,0,0,0,0,0,0,0,0,0,0,0,0,0,0,0,0,0,0,0,551,0,0,485,0,0,0,0,18,0,0,0,0,0,0,0,0,0,0,0,0,0,0,1,0,0,0,0,0,0,0,1,0,0,0,0,0,0,0,0,0,0,0,0,0,0,15,0,138,0,0,0
ethereum/cpp-ethereum,0,0,0,0,0,0,0,0,0,0,4,0,1,0,0,0,4,0,0,0,0,0,0,0,0,0,0,0,0,0,0,0,0,0,0,0,0,0,0,0,11,0,0,0,0,0,0,0,0,0,0,0,0,0,0,0,0,0,0,0,0,0,0,0,0,0,0,0,1,0,0,0,9,0,0,0,0,0,0,0,0,0,0,0,0,1,0,0,0
imageworks/OpenShadingLanguage,0,0,0,0,0,0,2,0,0,0,0,0,0,0,0,0,16,0,0,0,0,0,0,0,0,0,0,0,0,0,0,0,0,0,0,0,0,4,0,2,6,0,0,0,4,15,0,0,0,0,0,0,0,0,0,0,0,0,0,0,10,0,0,0,0,0,0,0,0,0,0,0,0,0,0,0,0,0,0,2,0,0,0,5,0,0,1,0,0
stellar/stellard,0,0,0,0,0,0,3,0,0,0,15,0,7,0,1,0,0,0,0,0,0,3,0,0,0,0,0,0,0,0,0,0,0,0,0,0,0,2,0,0,11,0,0,0,0,4,0,0,0,0,0,0,0,0,0,0,0,0,0,0,2,0,0,0,0,0,0,0,1,0,0,0,0,0,0,0,0,0,0,1,0,0,0,5,0,0,0,0,0
mapbox/mapbox-gl-native,0,0,0,0,0,0,8,0,0,0,12,0,1,0,19,0,47,0,1,0,0,1,9,0,2,0,0,0,0,0,0,0,0,0,0,0,0,48,0,9,45,0,0,0,1,33,0,0,0,0,0,0,0,0,0,0,0,0,0,0,11,0,0,0,31,0,0,0,5,0,9,0,0,0,0,0,0,0,0,12,0,0,0,11,0,41,30,0,0
wheybags/freeablo,0,0,0,0,0,0,0,0,0,0,0,0,0,0,22,0,4,0,0,0,0,0,6,0,0,0,0,0,0,0,0,0,0,0,0,0,0,13,0,0,8,0,0,0,0,8,0,0,0,0,0,0,0,0,0,0,0,0,0,0,2,0,0,0,0,0,0,0,0,0,0,0,0,0,0,0,0,0,0,0,0,0,0,0,0,0,0,0,0
mfontanini/libtins,0,0,0,0,0,0,43,0,0,0,17,0,42,0,2,0,55,0,0,0,0,0,0,0,0,0,0,4,0,0,0,0,0,0,0,0,0,10,0,0,14,0,0,0,0,1,0,0,0,0,0,0,0,0,0,0,0,0,0,0,1,0,0,0,4,0,0,0,0,0,0,0,30,0,0,0,0,0,0,0,0,0,0,0,0,0,0,0,0
firebreath/FireBreath,0,0,0,0,0,0,6,0,0,0,0,0,0,0,0,0,2,0,0,1,0,3,0,0,0,0,0,0,0,0,0,0,0,0,0,0,0,0,0,0,0,0,0,0,0,4,0,0,0,0,0,0,0,0,0,0,0,0,0,0,4,0,0,0,0,0,0,0,0,0,0,0,0,0,0,0,0,0,0,0,0,0,0,0,0,0,2,0,0
phoboslab/JavaScriptCore-iOS,0,0,0,0,0,0,8,0,0,0,75,0,10,0,1,0,22,0,0,0,0,0,1,0,0,0,0,0,0,0,0,0,0,0,0,0,0,67,0,7,126,0,0,0,1,40,0,0,0,0,0,0,0,0,0,0,0,0,0,0,4,0,0,0,1,0,0,0,1,0,0,0,6,0,0,0,0,0,0,7,0,0,0,1,0,0,0,0,0
kristjankorjus/Replicating-DeepMind,0,0,0,0,0,0,0,0,0,0,0,0,0,0,0,0,0,0,0,0,0,0,0,0,0,0,0,0,0,0,0,0,0,0,0,0,0,0,0,0,0,0,0,0,0,0,0,0,0,0,0,0,0,0,0,0,0,0,0,1,0,0,0,0,0,0,0,0,0,0,0,0,0,0,0,0,0,0,1,0,0,0,0,0,0,0,0,0,0
KhronosGroup/OpenCOLLADA,0,0,0,0,0,0,55,0,0,0,18,0,23,0,1,0,47,0,0,0,0,0,9,0,0,0,0,0,0,0,0,0,0,0,0,0,0,34,0,1,13,0,0,0,0,19,0,0,0,0,0,0,0,0,0,0,0,0,0,0,18,0,0,0,1,0,0,0,1,0,0,0,4,0,0,0,0,0,0,0,0,0,0,0,0,3,4,0,0
hpcc-systems/HPCC-Platform,0,0,0,0,0,0,163,0,0,0,329,0,52,0,37,0,143,0,0,3,0,0,95,0,9,0,0,0,0,0,0,0,0,0,0,1,0,443,0,28,282,0,0,0,9,216,0,0,0,0,0,0,0,105,0,0,0,0,0,0,188,0,0,0,74,0,0,0,2,0,0,0,25,0,0,0,0,0,3,119,0,0,0,63,0,82,7,0,1
scanlime/fadecandy,0,0,0,0,0,0,5,0,0,0,11,0,0,0,1,0,1,0,0,0,0,0,0,0,0,0,0,0,0,0,0,0,0,0,0,0,0,5,0,0,27,0,0,0,0,2,0,0,0,0,0,0,0,0,0,0,0,0,0,0,1,0,0,0,0,0,0,0,0,0,0,0,0,0,0,0,0,0,0,0,0,0,0,1,0,0,0,0,0
Arkania/ArkCORE,0,0,0,0,0,0,10,0,0,0,28,0,1,0,1,0,13,0,0,0,0,0,0,0,0,0,0,0,0,0,0,0,0,0,1,0,0,57,0,0,10,0,0,0,0,15,0,0,0,0,0,0,0,0,0,0,0,0,0,0,13,0,0,0,2,0,0,0,3,0,0,0,2,0,0,0,0,0,0,0,0,0,0,27,0,3,3,0,0
eranif/codelite,2,0,0,0,0,1,66,0,0,0,173,0,25,1,23,0,805,0,26,16,0,9,9,0,27,0,0,0,0,0,0,0,0,0,0,1,0,255,1,13,311,0,0,0,14,452,0,0,0,0,0,0,0,0,0,0,0,0,0,0,199,0,0,1,150,0,0,0,12,0,1,0,84,0,1,0,2,1,0,77,0,0,0,20,0,9,42,0,0
colobot/colobot,0,0,0,0,0,0,1,0,0,0,0,0,1,0,2,0,10,0,0,0,0,0,0,0,0,0,0,0,0,0,0,0,0,0,0,0,0,2,0,0,3,0,0,0,0,4,0,0,0,0,0,0,0,0,0,0,0,0,0,0,1,0,0,0,0,0,0,0,0,0,0,0,0,0,0,0,0,0,0,11,0,0,0,0,0,0,0,0,0
cebix/macemu,0,0,0,0,0,0,76,0,0,0,80,0,2,0,2,0,24,0,0,0,0,0,0,0,2,0,0,0,0,0,0,0,0,0,0,0,0,36,0,3,72,0,0,0,0,16,0,0,0,0,0,0,0,0,0,0,0,0,0,0,6,0,0,0,0,0,0,0,4,0,0,0,0,0,0,0,0,0,0,5,0,0,0,3,0,0,0,0,0
openscenegraph/osg,2,0,0,0,0,0,199,2,0,0,142,0,21,0,10,0,282,0,2,1,0,16,39,0,2,0,0,0,0,0,0,0,0,0,0,1,0,351,4,143,289,0,0,0,0,422,0,0,0,0,0,0,0,0,0,0,0,0,0,0,298,0,0,0,40,0,0,0,29,2,19,0,17,0,0,0,0,0,0,120,0,0,0,100,0,261,45,0,0
nasa/World-Wind-Java,0,0,0,0,0,0,6,0,0,0,3,0,1,0,0,0,24,0,0,2,0,25,2,0,0,0,0,0,0,0,0,0,0,0,0,1,0,16,2,0,28,2,0,0,0,5,0,0,0,0,0,0,0,0,0,0,0,0,0,0,3,0,0,0,1,0,0,0,0,0,1,0,1,0,0,0,0,0,0,3,0,0,0,0,0,5,0,0,0
cms-sw/cmssw,2,0,0,0,0,1,73,0,0,0,119,0,6,2,30,0,54,0,1,0,0,15,0,0,0,0,0,0,0,0,0,2,0,0,0,1,0,34,1,0,651,1,0,0,0,34,0,0,0,0,1,1,1,0,0,0,0,0,0,4,3,0,0,1,24,0,0,0,0,0,0,0,2,0,0,0,0,0,9,44,0,0,0,21,0,7,15,0,0
lballabio/quantlib,12,0,0,0,0,1,20,0,0,0,119,0,18,0,5,0,27,0,1,1,0,0,2,0,0,4,0,0,0,0,0,0,0,0,0,2,0,42,2,5,40,2,0,0,1,13,0,0,0,0,1,1,0,2,0,0,0,0,0,0,8,0,0,0,7,0,0,0,0,0,0,0,1,0,0,0,0,0,0,15,0,0,0,1,0,3,3,0,5
synergy/synergy,0,0,0,0,0,0,9,0,0,0,18,0,3,1,2,0,20,0,0,0,0,0,18,0,0,0,0,0,0,0,0,0,0,0,1,0,0,26,0,0,23,0,0,0,0,9,0,0,0,0,0,0,0,0,0,0,0,0,0,0,5,0,0,0,6,0,0,2,0,0,0,0,0,0,2,0,0,0,0,0,0,0,0,1,0,0,0,0,0
HIT-SCIR/ltp,3,0,0,0,0,0,1,0,0,0,2,0,1,0,0,0,2,0,1,0,0,0,0,0,0,0,0,0,0,0,0,0,0,0,0,0,0,28,2,0,2,0,0,0,0,0,0,0,0,0,0,0,0,0,0,0,0,0,0,1,0,0,0,0,0,0,0,0,0,0,0,0,0,0,0,0,0,0,1,5,0,0,0,2,0,0,0,0,0
clMathLibraries/clFFT,0,0,0,0,0,0,0,0,0,0,1,0,0,0,0,0,0,0,0,0,0,0,17,0,0,0,0,0,0,0,0,0,0,0,0,0,0,32,0,0,2,0,0,0,0,0,0,0,0,0,0,0,0,0,0,0,0,0,0,0,0,0,0,0,0,0,0,0,0,0,0,0,0,0,0,0,0,0,0,0,0,0,0,0,0,5,0,0,0
eerolanguage/clang,0,0,0,1,0,0,171,1,0,0,120,0,22,1,24,0,292,0,3,1,0,0,31,0,22,0,0,0,0,0,0,0,0,0,0,6,0,56,0,112,387,0,0,0,64,228,0,0,0,0,0,0,0,0,0,0,0,0,0,0,91,0,0,0,60,0,0,0,44,0,0,0,47,0,0,0,0,0,0,66,0,0,4,19,0,21,47,0,7
gwaldron/osgearth,0,0,0,0,0,0,50,0,0,0,31,0,3,0,7,0,81,0,0,1,0,2,4,0,0,0,0,0,0,0,0,0,0,0,0,0,0,382,4,33,361,4,15,0,0,37,0,0,0,0,0,0,0,0,0,0,0,0,0,0,31,0,0,0,15,0,0,0,9,0,8,0,1,0,0,0,0,0,0,74,0,0,0,14,0,173,11,0,0
facebook/mysql-5.6,0,0,0,0,0,0,1,0,0,0,14,0,13,0,0,0,3,0,0,0,0,0,0,0,1,0,0,0,0,0,0,0,0,0,0,0,0,2,0,0,5,0,0,0,5,6,0,0,0,0,0,0,0,0,0,0,0,0,0,0,3,0,0,0,0,0,0,0,2,0,3,0,0,0,0,0,0,0,0,3,0,0,0,50,0,0,0,0,0
snes9xgit/snes9x,1,0,0,0,0,0,4,0,0,0,5,0,0,0,6,0,4,0,0,0,0,0,0,0,0,0,0,0,0,0,0,0,0,0,0,1,0,8,0,0,34,0,0,0,1,30,0,0,0,0,0,0,0,0,0,0,0,0,0,0,0,0,0,0,0,0,0,0,0,0,0,0,0,0,0,0,0,0,0,0,0,0,0,10,0,0,0,0,0
alibaba/tfs,0,0,0,0,0,0,25,0,0,4,204,0,1,0,2,0,19,0,4,1,0,0,5,0,0,0,0,0,0,0,0,0,0,0,0,0,0,71,0,15,36,0,0,0,0,31,0,0,0,0,0,0,0,0,0,0,0,0,0,5,21,0,0,0,10,0,0,0,1,0,7,0,0,0,0,0,0,0,9,11,0,0,0,1,0,0,0,0,0
hadley/bigvis,0,0,0,0,0,0,0,0,0,0,19,0,2,0,0,0,1,0,0,0,0,0,0,0,0,0,0,0,0,0,0,0,0,0,0,1,0,0,0,0,0,0,0,0,0,0,0,0,0,2,0,0,0,0,0,0,0,0,0,0,0,0,0,0,0,0,0,0,0,0,0,0,0,0,0,0,0,0,0,0,0,0,0,0,0,0,0,0,3
Nevcairiel/LAVFilters,0,0,0,0,0,0,0,0,0,0,3,0,0,0,1,0,15,0,2,0,0,0,0,0,0,0,0,0,0,0,0,0,0,0,0,0,0,0,0,0,2,0,0,0,0,16,0,0,0,0,0,0,0,0,0,0,0,0,0,0,3,0,0,0,5,0,0,0,0,0,0,0,4,0,0,0,0,0,0,0,0,0,0,0,0,1,0,0,0
treefrogframework/treefrog-framework,0,0,0,0,0,0,1,0,0,0,2,0,1,0,1,0,0,0,0,0,0,0,0,0,0,0,0,0,0,0,0,0,0,0,0,0,0,0,0,0,2,0,0,0,0,0,0,0,0,0,0,0,0,0,0,0,0,0,0,0,0,0,0,0,0,0,0,0,1,0,0,0,0,0,0,0,0,0,0,0,0,0,0,3,0,0,0,0,0
wdas/brdf,0,0,0,0,0,0,5,0,0,0,0,0,0,0,3,0,0,0,0,0,0,0,4,0,0,0,0,0,0,0,0,0,0,0,0,0,0,11,0,0,15,0,0,0,0,0,0,0,0,0,0,0,0,0,0,0,0,0,0,0,0,0,0,0,0,0,0,0,0,0,0,0,0,0,0,0,0,0,0,3,0,0,2,0,0,0,0,0,0
mozy/mordor,0,0,0,0,0,0,31,0,0,0,10,0,18,0,0,0,49,0,4,0,0,0,0,0,0,0,0,0,0,0,0,0,0,0,0,1,0,9,0,1,28,0,0,0,0,5,0,0,0,0,0,0,0,0,0,0,0,0,0,0,3,0,0,0,9,0,0,0,0,0,0,0,0,0,0,0,0,0,0,0,0,0,0,0,0,4,0,0,0
zonyitoo/doubanfm-qt,0,0,0,0,0,0,0,0,0,0,0,0,0,0,0,0,0,0,0,0,0,0,0,0,0,0,0,0,0,0,0,0,0,0,0,0,0,0,0,0,0,0,0,0,0,0,0,0,0,0,0,0,0,0,0,0,0,0,0,0,0,0,0,0,0,0,0,0,0,0,0,0,0,0,0,0,0,0,0,2,0,0,0,0,0,0,0,0,0
Warzone2100/warzone2100,0,0,0,0,0,0,7,0,0,0,66,0,6,0,17,1,89,0,0,1,0,4,10,0,0,0,0,0,0,0,0,0,0,0,0,7,1,266,0,3,177,0,0,0,0,203,0,0,0,0,0,0,0,0,0,0,1,0,1,0,63,0,0,2,1,0,0,0,5,0,6,0,221,0,1,0,0,0,0,51,0,0,2,48,0,2,2,0,1
chenshuo/recipes,0,0,0,0,0,0,0,0,0,0,30,0,0,0,0,0,0,0,0,0,0,1,0,0,0,0,0,0,0,0,0,0,0,0,0,0,0,0,0,0,0,0,0,0,0,0,0,0,0,0,0,0,0,0,0,0,0,0,0,0,0,0,0,0,0,0,0,0,0,0,0,0,0,0,0,0,0,0,0,0,0,0,0,4,0,0,0,0,0
csmith-project/creduce,0,0,0,0,0,0,0,0,0,0,8,0,0,0,0,0,11,0,0,0,0,0,0,0,0,0,0,0,0,0,0,0,0,0,0,0,0,0,0,0,1,0,0,0,0,73,0,0,0,0,0,0,0,0,0,0,0,0,0,0,20,0,0,0,2,0,0,0,0,0,0,0,0,0,0,0,0,0,0,0,0,0,0,0,0,6,0,0,0
libmv/libmv,0,0,0,0,0,0,0,0,0,0,5,0,0,0,0,0,2,0,0,0,0,0,0,0,0,0,0,0,0,0,0,0,0,0,0,0,0,2,0,0,0,0,0,0,0,0,0,0,0,0,0,0,0,0,0,0,0,0,0,0,0,0,0,0,0,0,0,0,0,0,0,0,15,0,0,0,0,0,0,2,0,0,0,0,0,0,0,0,0
xoreos/xoreos,0,0,0,0,0,0,0,0,0,0,2,0,2,0,0,0,4,0,0,0,0,0,0,0,0,0,0,0,0,0,0,0,0,0,0,0,0,0,0,0,5,0,0,0,0,0,0,0,0,0,0,0,0,0,0,0,0,0,0,0,0,0,0,0,0,0,0,0,0,0,0,0,0,0,0,0,0,0,0,1,0,0,0,0,0,0,0,0,0
simbody/simbody,3,0,0,0,0,0,41,0,0,0,16,0,6,0,24,0,123,0,1,0,0,0,50,0,4,0,0,0,0,0,0,0,0,0,0,0,0,145,0,0,160,0,0,0,0,27,0,0,0,0,0,0,0,5,0,0,0,0,0,0,3,0,0,0,4,0,0,0,10,0,12,0,15,0,0,0,0,0,0,21,0,0,0,15,0,36,13,0,2
mtytel/cursynth,0,0,0,0,0,0,1,0,0,0,1,0,2,0,4,0,10,0,0,0,0,0,1,0,0,0,0,0,0,0,0,0,0,0,0,0,0,13,0,0,33,0,0,0,0,2,0,0,0,0,0,0,0,0,0,0,0,0,0,0,1,0,0,0,0,0,0,0,0,0,0,0,0,0,0,0,0,0,0,1,0,0,0,10,0,0,0,0,0
Amanieu/asyncplusplus,0,0,0,0,0,0,0,0,0,0,1,0,0,0,0,0,0,0,0,0,0,0,0,0,0,0,0,1,0,0,0,0,0,0,0,0,0,0,0,0,3,0,0,0,0,8,0,0,0,0,0,0,0,0,0,0,0,0,0,0,3,0,0,0,0,0,0,0,0,0,0,0,0,0,0,0,0,0,2,0,0,0,0,0,0,0,1,0,0
GoldenCheetah/GoldenCheetah,0,0,0,0,0,0,0,0,0,0,170,0,1,0,37,0,5,0,0,0,0,0,2,0,0,0,0,0,0,0,0,0,0,0,0,7,0,239,0,1,125,0,0,0,0,43,0,0,0,0,0,0,0,0,0,0,0,0,0,0,37,0,0,0,8,0,0,0,1,0,0,0,6,0,0,0,0,0,0,6,0,0,0,0,0,0,0,0,1
mysql/mysql-server,0,0,0,0,0,0,0,0,0,0,4,0,0,0,0,0,2,0,0,0,0,0,0,0,0,0,0,0,0,0,0,0,0,0,0,0,0,0,0,0,3,0,0,0,0,3,0,0,0,0,0,0,0,0,0,0,0,0,0,0,3,0,0,0,0,0,0,0,2,0,3,0,0,0,0,0,0,0,0,0,0,0,0,50,0,0,0,0,0
imageworks/OpenColorIO,0,0,0,0,0,0,3,0,0,0,6,0,5,0,20,0,47,0,0,0,0,0,6,0,0,0,0,0,0,0,0,0,0,0,0,2,0,169,0,0,79,0,0,0,0,5,0,0,0,0,0,0,0,4,0,0,0,0,0,0,4,0,0,0,10,0,0,0,24,0,0,0,0,0,0,0,0,0,0,0,0,0,0,5,0,59,0,0,0
pgRouting/pgrouting,0,0,0,0,0,0,0,0,0,0,0,0,0,0,0,0,14,0,0,0,0,2,0,0,0,0,0,0,0,0,0,0,0,0,0,0,0,3,0,0,0,0,0,0,0,12,0,0,0,0,0,0,0,0,0,0,0,0,0,0,0,0,0,0,0,0,0,0,0,0,0,0,0,0,0,0,0,0,0,0,0,0,0,0,0,0,0,0,0
mikejs/gridfs-fuse,0,0,0,0,0,0,0,0,0,0,0,0,0,0,5,0,14,0,0,0,0,0,0,0,0,0,0,0,0,0,0,0,0,0,0,0,0,1,0,0,6,0,0,0,0,2,0,0,0,0,0,0,0,0,0,0,0,0,0,0,2,0,0,0,0,0,0,0,0,0,0,0,0,0,0,0,0,0,0,0,0,0,0,0,0,0,0,0,0
aszxqw/cppjieba,0,0,0,0,0,0,0,0,0,0,0,0,0,0,0,0,0,0,0,0,0,0,0,0,0,0,0,0,0,0,0,0,0,0,0,0,0,1,0,0,0,0,0,0,0,0,0,0,0,0,0,0,0,0,0,0,0,0,0,0,0,0,0,0,0,0,0,0,0,0,0,0,0,0,0,0,0,0,0,0,0,0,0,0,0,0,0,0,0
openexr/openexr,16,0,0,0,0,0,115,0,0,0,135,0,16,0,151,0,91,0,0,0,0,0,17,0,0,0,0,0,0,0,0,0,0,0,0,0,1,786,0,0,903,0,0,0,8,24,0,2,0,0,0,0,0,0,0,0,2,0,1,0,17,0,0,0,2,0,0,0,1,0,13,0,1,0,0,0,0,0,0,29,0,0,0,47,0,54,4,0,0
zhanlangsir/Qtqq,0,0,0,0,0,0,1,0,0,0,4,0,0,0,3,0,7,0,0,0,0,0,0,0,0,0,0,0,0,0,0,0,0,0,0,0,0,1,0,0,7,0,0,0,0,0,0,0,0,0,0,0,0,0,0,0,0,0,0,0,0,0,0,0,0,0,0,0,0,0,0,0,0,0,0,0,0,0,0,2,0,0,0,0,0,0,0,0,0
aras-p/hlsl2glslfork,0,0,0,0,0,0,18,0,0,0,5,0,0,0,0,0,8,0,0,0,0,0,1,0,0,0,0,0,0,0,0,0,0,0,0,0,0,1,0,0,7,0,0,0,0,8,0,0,0,0,0,0,0,0,0,0,0,0,0,0,6,0,0,0,0,0,0,0,2,0,0,0,1,0,0,0,0,0,0,7,0,0,0,0,0,0,4,0,0
draperlaboratory/fracture,0,0,0,0,0,0,0,0,0,0,13,0,0,0,0,0,28,0,0,0,0,0,2,0,0,0,0,0,0,0,0,0,0,0,0,0,0,0,0,1,4,0,0,0,0,4,0,0,0,0,0,0,0,0,0,0,0,0,0,0,0,0,0,0,1,0,0,0,1,0,0,0,2,0,0,0,0,0,0,6,0,0,0,4,0,0,6,0,0
OpenKinect/libfreenect2,0,0,0,0,0,0,1,0,0,0,0,0,0,0,3,0,2,0,0,0,0,0,0,0,0,0,0,0,0,0,0,0,0,0,0,0,0,7,0,0,5,0,0,0,0,4,0,0,0,0,0,0,0,0,0,0,0,0,0,0,4,0,0,0,0,0,0,0,0,0,0,0,0,0,0,0,0,0,0,0,0,0,0,1,0,0,0,0,0
Smoothieware/Smoothieware,0,0,0,0,0,0,23,0,0,0,9,0,0,0,0,0,8,0,0,0,0,0,0,0,0,0,0,0,0,0,0,0,0,0,0,0,0,8,0,0,14,0,3,0,0,20,0,0,0,0,0,0,0,0,0,0,0,0,0,0,2,0,0,1,3,0,0,0,0,0,0,0,0,0,0,0,0,0,0,0,0,0,0,0,0,0,0,0,0
arcemu/arcemu,0,0,0,0,0,0,1,0,0,0,0,0,0,0,0,0,4,0,0,0,0,0,2,0,0,0,0,0,0,0,0,0,0,0,0,0,0,0,0,0,3,0,0,0,0,1,0,0,0,0,0,0,0,0,0,0,0,0,0,0,1,0,0,0,1,0,0,0,1,0,0,0,0,0,0,0,0,0,0,2,0,0,0,0,0,3,0,0,0
sbooth/SFBAudioEngine,0,0,0,0,0,0,10,0,0,0,6,0,1,0,1,0,1,0,0,0,0,0,0,0,0,0,0,0,0,0,0,0,0,0,0,0,0,17,0,0,40,0,0,0,0,33,0,0,0,0,0,0,0,0,0,0,0,0,0,0,1,0,0,0,1,0,0,0,0,0,0,0,0,0,0,0,0,0,0,0,0,0,0,3,0,0,37,0,0
imvu-open/istatd,0,0,0,0,0,0,2,0,0,0,111,1,45,1,3,0,37,0,9,2,0,0,0,0,0,0,0,0,0,0,0,0,0,0,0,0,0,32,0,1,24,0,0,0,0,9,0,0,0,0,0,0,0,0,0,0,0,0,0,0,7,0,0,1,5,0,0,0,1,0,0,0,1,0,0,0,0,0,0,3,0,0,0,1,0,4,0,0,0
openalpr/openalpr,1,0,0,0,0,0,1,0,0,0,13,0,0,0,0,0,0,0,0,0,0,0,0,0,0,1,0,0,0,0,0,0,0,0,0,0,0,0,0,0,3,0,0,0,0,0,0,0,0,0,0,0,0,0,0,0,0,0,0,0,0,0,0,0,0,0,0,0,0,0,3,0,0,0,0,0,0,0,0,2,0,0,0,0,0,1,0,0,0
TortoiseGit/TortoiseGit,3,0,0,0,0,0,17,0,0,0,28,0,0,0,2,0,18,0,0,3,0,0,0,0,0,0,0,0,0,0,0,0,0,0,0,1,0,63,0,32,71,0,0,0,0,15,0,0,0,4,0,0,0,15,0,0,0,0,0,0,4,0,0,0,3,0,0,0,26,0,0,0,0,0,0,0,0,0,0,23,0,0,2,11,0,10,1,0,0
STEllAR-GROUP/hpx,12,0,0,0,0,0,42,0,0,0,518,0,2,0,11,0,85,0,0,0,0,15,10,0,0,0,0,0,0,0,0,0,0,0,0,3,0,35,0,5,344,0,0,0,0,46,0,0,0,0,0,0,0,6,0,0,0,0,0,1,26,1,0,0,8,0,0,0,4,0,0,0,0,0,0,0,0,0,1,23,0,0,0,1,0,5,9,0,2
Unvanquished/Unvanquished,0,0,0,0,0,0,13,0,0,0,19,0,0,0,3,0,70,0,0,0,0,2,11,0,2,0,0,0,0,0,0,0,0,0,0,0,0,3,0,0,9,0,0,0,0,85,0,0,0,0,0,0,0,0,0,0,0,0,0,0,11,0,0,0,6,0,0,0,1,0,0,0,8,0,1,0,0,0,1,22,0,0,2,2,0,0,2,0,0
raymondlu/super-animation-samples,0,0,0,0,0,0,43,0,0,0,54,0,36,0,9,0,207,0,6,4,0,0,2,0,0,0,0,0,0,0,0,0,0,0,0,0,0,143,0,0,90,0,0,0,0,450,0,0,0,0,0,0,0,0,0,0,0,0,0,0,343,2,0,0,9,0,0,0,2,0,35,0,27,0,0,0,0,0,0,76,0,0,0,30,0,179,0,0,0
llvm-dcpu16/llvm-dcpu16,4,0,0,0,0,2,207,1,0,0,498,0,94,14,30,0,502,0,4,1,0,19,112,0,18,0,0,0,0,0,0,0,0,0,0,18,0,215,0,136,1606,0,0,0,37,876,0,0,0,0,0,0,0,2,0,0,0,0,0,2,410,0,0,1,316,0,0,0,35,0,19,0,53,0,2,0,0,0,69,143,0,0,9,137,1,133,67,0,16
AlloyTeam/webtop,0,0,0,0,0,0,0,0,0,0,0,0,0,0,0,0,1,0,0,0,0,0,0,0,0,0,0,0,0,0,0,0,0,0,0,0,0,0,0,0,2,0,0,0,0,0,0,0,0,0,0,0,0,0,0,0,0,0,0,0,0,0,0,0,0,0,0,0,0,0,0,0,0,0,0,0,0,0,0,0,0,0,0,0,0,0,0,0,0
uzh-rpg/rpg_svo,0,0,0,0,0,0,2,0,0,0,18,0,0,0,0,0,4,0,0,0,0,5,0,0,0,0,0,0,0,0,0,0,0,0,0,0,0,16,0,0,17,0,0,0,0,6,0,0,0,3,0,0,0,0,0,0,0,0,0,1,6,0,0,0,0,0,0,0,0,0,0,0,2,0,0,0,0,0,1,2,0,0,0,0,0,0,1,0,0
geometer/FBReader,0,0,0,0,0,0,9,0,0,0,49,0,11,0,25,0,131,0,1,6,0,0,2,0,0,0,0,0,0,0,0,0,0,0,0,8,0,158,1,0,119,0,0,0,0,83,0,0,0,0,0,0,0,0,0,0,0,0,0,0,42,0,0,0,10,0,0,0,2,0,15,0,15,0,0,0,0,0,0,30,0,0,0,3,0,0,0,0,4
Atarity/Lightpack,0,0,0,0,0,0,0,0,0,0,6,0,0,0,1,1,0,0,0,0,0,0,0,0,0,0,0,0,0,0,0,0,0,0,0,0,0,19,0,0,13,0,0,0,0,0,0,0,0,0,0,0,0,0,0,0,0,0,0,0,0,0,0,0,0,0,0,0,0,0,0,0,0,0,0,0,0,0,0,0,0,0,0,0,0,0,0,0,0
Jackarain/avplayer,3,0,0,0,0,0,54,0,4,0,297,2,63,2,28,9,370,0,0,35,0,10,18,0,0,0,0,0,0,0,0,0,0,9,0,9,0,277,5,6,331,10,0,0,7,151,0,0,0,0,0,0,0,1,0,0,0,0,0,8,91,5,4,2,57,0,0,0,77,0,6,0,7,0,0,0,0,0,17,48,0,0,1,91,0,7,7,0,4
trailofbits/mcsema,49,13,37,3,0,31,923,14,54,17,1593,41,581,51,205,47,1058,53,62,46,0,328,316,11,63,48,21,12,0,0,0,45,18,6,45,75,27,805,109,245,2345,71,45,12,109,1329,0,36,0,32,42,4,15,107,0,0,15,35,19,46,712,45,24,31,559,46,24,22,273,17,62,18,327,42,32,29,29,30,152,547,15,19,37,443,25,355,241,0,66
po-devs/pokemon-online,0,0,0,0,0,0,13,0,0,0,56,0,3,0,2,0,22,0,0,0,0,0,5,0,0,0,0,0,0,0,0,0,0,0,0,0,0,39,0,0,61,0,0,0,0,317,0,0,0,0,0,0,0,0,0,0,0,0,0,1,104,0,0,0,1,0,0,0,1,0,0,0,0,0,0,0,0,0,10,14,0,0,0,11,0,7,10,0,0
TonicAudio/Tonic,0,0,0,0,0,0,1,0,0,0,1,0,2,0,4,0,1,0,0,0,0,0,1,0,0,0,0,0,0,0,0,0,0,0,0,0,0,13,0,0,33,0,0,0,0,1,0,0,0,0,0,0,0,0,0,0,0,0,0,0,0,0,0,0,0,0,0,0,0,0,0,0,0,0,0,0,0,0,0,1,0,0,0,10,0,0,0,0,0
pezmaster31/bamtools,1,0,0,0,0,0,17,0,0,0,67,0,4,0,1,1,37,0,0,0,0,0,15,0,0,0,0,0,0,0,0,0,0,0,0,0,0,32,0,41,44,0,0,0,4,14,0,0,0,2,0,0,0,0,0,0,0,0,0,0,11,0,0,0,1,0,0,0,8,0,0,0,5,0,0,0,0,0,0,45,0,0,2,6,0,0,6,0,0
google/VoltAir,0,0,0,0,0,0,0,0,0,0,0,0,0,0,2,0,2,0,0,0,0,0,0,0,0,0,0,0,0,0,0,0,0,0,0,0,0,11,0,2,15,0,0,0,0,6,0,0,0,0,0,0,0,0,0,0,0,0,0,0,5,0,0,0,0,0,0,0,0,0,0,0,0,0,0,0,0,0,0,1,0,0,1,0,0,0,0,0,0
BloodAxe/opencv-ios-template-project,0,0,0,0,0,0,2,0,0,0,0,0,0,0,0,0,4,0,0,0,0,0,0,0,0,0,0,0,0,0,0,0,0,0,1,0,0,0,0,0,0,0,0,0,0,0,0,0,0,0,0,0,0,0,0,0,0,0,0,0,0,0,0,0,0,0,0,0,0,0,0,0,0,0,0,0,0,0,0,4,0,0,0,0,0,0,0,0,0
apavlo/h-store,0,0,0,0,0,0,2,0,0,0,3,0,0,0,0,0,5,0,0,0,0,0,1,0,0,0,0,0,0,0,0,0,0,0,1,1,0,5,0,0,0,0,0,0,0,1,0,0,0,0,0,0,0,6,0,0,0,0,0,0,0,0,0,0,0,0,0,0,0,0,0,0,0,0,0,0,0,0,0,15,0,0,0,0,0,0,0,0,0
MetaScale/nt2,6,0,0,0,0,0,15,0,0,0,8,0,0,0,1,0,10,0,0,0,0,1,6,0,6,0,0,4,0,0,0,0,0,0,2,0,0,19,0,0,8,0,0,0,0,0,0,1,0,0,0,0,0,0,0,0,0,0,0,0,0,0,0,0,1,0,0,0,0,0,0,0,0,0,0,0,0,0,0,10,0,0,0,19,0,16,0,0,0
MultiMC/MultiMC5,0,0,0,0,0,0,2,0,0,0,0,0,0,0,0,0,0,0,0,0,0,0,0,0,0,0,0,0,0,0,0,0,0,0,0,0,0,0,0,0,4,0,0,0,0,12,0,0,0,0,0,0,0,0,0,0,0,0,0,0,9,0,0,0,2,0,0,0,0,0,0,0,0,0,0,0,0,0,2,0,0,0,0,0,0,0,0,0,0
openstreetmap/osm2pgsql,0,0,0,0,0,0,3,0,0,0,10,0,0,0,0,0,3,0,0,0,0,0,0,0,0,0,0,0,0,0,0,0,0,0,0,0,0,3,0,0,8,0,0,0,0,5,0,0,0,0,0,0,0,0,0,0,0,0,0,0,4,0,0,0,0,0,0,0,0,0,0,0,2,0,0,0,0,0,0,0,0,0,0,0,0,0,0,0,0
lastfm/Fingerprinter,0,0,0,0,0,0,0,0,0,0,13,0,0,0,0,0,4,0,0,0,0,0,0,0,0,0,0,0,0,0,0,0,0,0,0,0,0,2,0,0,1,0,0,0,0,0,0,0,0,0,0,0,0,0,0,0,0,0,0,0,0,0,0,0,1,0,0,0,0,0,0,0,0,0,0,0,0,0,0,0,0,0,0,0,0,1,0,0,0
SOCI/soci,0,0,0,0,0,0,0,0,0,0,2,0,0,0,0,0,9,0,0,0,0,0,0,0,0,0,0,0,0,0,0,0,0,0,0,0,0,0,0,0,0,0,0,0,0,0,0,0,0,0,0,0,0,0,0,0,0,0,0,0,0,0,0,0,0,0,0,0,0,0,0,0,0,0,0,0,0,0,0,0,0,0,0,0,0,1,0,0,0
chukong/CocoStudioSamples,0,0,0,0,0,0,13,0,0,0,14,0,13,0,0,0,76,0,2,2,0,0,1,0,0,0,0,0,0,0,0,0,0,0,0,0,0,54,0,0,45,0,0,0,0,174,0,0,0,0,0,0,0,0,0,0,0,0,0,0,139,1,0,0,3,0,0,0,1,0,19,0,5,0,0,0,0,0,0,34,0,0,0,13,0,63,0,0,0
nfomon/shok,0,0,0,0,0,0,1,0,0,0,0,0,0,0,0,0,4,0,0,0,0,0,0,0,0,0,0,0,0,0,0,0,0,0,0,0,0,0,0,1,1,0,0,0,0,0,0,0,0,0,0,0,0,0,0,0,0,0,0,0,0,0,0,0,0,0,0,0,0,0,0,0,0,0,0,0,0,0,0,0,0,0,0,0,0,0,0,0,0
equalpants/pigmap,0,0,0,0,0,0,7,0,0,0,28,0,0,0,0,0,12,0,0,0,0,0,0,0,1,0,0,0,0,0,0,0,0,0,0,0,0,15,0,0,19,0,0,0,1,2,0,0,0,0,0,0,0,1,0,0,0,0,0,0,0,0,0,0,6,0,0,0,1,0,0,0,0,0,0,0,0,0,0,6,0,0,0,3,0,0,0,0,0
fifengine/fifengine,0,0,0,0,1,0,1,0,0,0,2,0,0,0,6,0,27,0,0,1,0,0,0,0,51,0,0,0,0,0,0,0,0,0,0,0,0,21,0,0,2,0,0,0,0,17,0,0,0,0,0,0,0,0,0,0,0,0,0,0,13,0,0,0,1,0,0,0,1,0,0,0,22,0,0,0,0,0,0,28,0,0,0,0,0,0,0,0,0
micknoise/Maximilian,0,0,0,0,0,0,1,0,0,0,1,0,2,0,4,0,1,0,0,0,0,0,0,0,0,0,0,0,0,0,0,0,0,0,0,0,0,13,0,0,33,0,0,0,0,1,0,0,0,0,0,0,0,0,0,0,0,0,0,0,0,0,0,0,0,0,0,0,0,0,0,0,0,0,0,0,0,0,0,1,0,0,0,10,0,0,0,0,0
sakra/cotire,0,0,0,0,0,0,1,0,0,0,0,0,0,0,0,0,0,0,0,0,0,0,0,0,0,0,0,0,0,0,0,0,0,0,0,0,0,0,0,0,0,0,0,0,0,0,0,0,0,0,0,0,0,0,0,0,0,0,0,0,0,0,0,0,0,0,0,0,0,0,0,0,0,0,0,0,0,0,0,0,0,0,0,0,0,0,0,0,0
boostcon/cppnow_presentations_2012,0,0,0,0,0,0,24,0,0,0,10,0,0,0,0,0,0,0,0,0,0,0,0,0,0,0,0,0,0,0,0,0,0,0,0,0,0,0,0,0,0,0,0,0,0,9,0,0,0,0,0,0,0,0,0,0,0,0,0,0,0,0,0,0,0,0,0,0,0,0,0,0,0,0,0,0,0,0,0,0,0,0,0,0,0,0,1,0,0
cruppstahl/hamsterdb,0,0,0,0,0,0,0,0,0,0,57,0,0,0,11,0,58,0,0,0,0,0,0,0,0,0,0,0,0,0,0,0,0,0,0,0,0,0,0,2,1,0,0,0,0,5,0,0,0,0,0,0,0,0,0,0,0,0,0,7,0,0,0,0,0,0,0,0,5,0,0,0,3,0,0,0,0,0,7,0,0,0,0,0,0,0,0,0,0
visionworkbench/visionworkbench,0,0,0,0,0,0,0,0,0,0,0,0,0,0,0,0,0,0,0,0,0,0,0,0,0,0,0,0,0,0,0,0,0,0,0,2,0,7,0,0,8,0,0,0,0,0,0,0,0,0,0,0,0,0,0,0,0,0,0,0,0,0,0,0,0,0,0,0,8,0,0,0,0,0,0,0,0,0,0,0,0,0,0,0,0,0,0,0,1
unknownworlds/NS,40,30,50,0,0,20,1890,20,20,0,590,30,570,30,260,80,460,0,0,140,0,20,80,20,120,40,120,300,0,0,0,0,0,20,20,20,40,345,20,270,340,20,0,0,100,90,0,30,0,30,70,30,30,140,0,0,20,30,20,30,90,20,10,30,150,20,10,30,100,10,100,20,170,0,40,30,30,30,30,530,20,70,120,80,10,150,100,0,20
tux3/qTox,0,0,0,0,0,0,0,0,0,0,0,0,0,0,0,0,0,0,0,0,0,0,0,0,0,0,0,0,0,0,0,0,0,0,0,0,0,2,0,0,0,0,0,0,0,1,0,0,0,0,0,0,0,0,0,0,0,0,0,0,0,0,0,0,0,0,0,0,1,0,0,0,0,0,0,0,0,0,0,0,0,0,0,0,0,0,0,0,0
TriumphLLC/Blend4Web,0,0,0,0,0,0,0,0,0,0,0,0,0,0,2,0,8,0,0,0,0,0,0,0,0,0,0,0,0,0,0,0,0,0,0,0,0,10,0,0,6,0,0,0,0,3,0,0,0,0,0,0,0,6,0,0,0,0,0,0,3,0,0,0,0,0,0,0,0,0,0,0,0,0,0,0,1,1,0,0,0,0,0,2,0,0,0,0,0
cameron314/readerwriterqueue,9,0,0,0,0,0,0,0,0,0,24,0,0,0,2,0,0,0,0,0,0,0,0,0,0,0,0,0,0,0,0,0,0,0,0,0,0,8,0,0,3,0,0,0,0,9,0,0,0,0,0,0,0,0,0,0,0,0,0,0,9,0,0,0,0,0,0,0,0,0,0,0,0,0,0,0,0,0,0,3,0,0,0,0,0,0,0,0,0
PeterTh/gedosato,0,0,0,0,3,0,0,0,0,0,0,0,1,0,0,0,0,0,0,0,0,0,0,0,0,0,0,0,0,0,0,0,0,0,0,0,0,1,0,0,1,0,0,0,0,0,0,0,0,0,0,0,0,0,0,0,0,0,0,0,0,0,0,0,0,0,0,0,0,0,0,0,0,0,0,0,0,0,0,0,0,0,0,0,0,0,0,0,0
sunpinyin/sunpinyin,1,0,0,0,0,2,7,0,0,0,51,0,1,0,0,0,45,0,0,0,0,2,3,0,0,0,0,0,0,0,0,0,0,0,0,2,4,24,0,13,16,0,0,0,0,12,0,0,0,0,0,0,0,0,0,0,2,0,1,0,11,0,0,0,1,0,0,0,11,0,0,0,9,0,0,0,0,0,0,18,4,0,0,54,0,2,0,0,0
fenrus75/powertop,4,0,0,0,0,0,0,0,0,0,6,0,4,0,0,0,35,0,0,0,0,0,0,0,0,0,0,0,0,0,0,0,0,0,0,0,0,11,0,1,2,0,0,0,0,3,0,0,0,0,0,0,0,0,0,0,0,0,0,0,0,0,0,0,1,0,0,0,0,0,0,0,0,0,0,0,0,0,0,19,0,0,0,0,0,0,0,0,0
corporateshark/WalCommander,0,0,0,0,0,0,5,0,0,0,128,0,3,0,0,0,5,0,0,0,0,0,0,0,0,0,0,0,0,0,0,0,0,0,0,0,0,44,0,0,82,0,0,0,0,8,0,0,0,0,0,0,0,0,0,0,0,0,0,0,1,0,0,0,3,0,0,0,0,0,0,0,24,0,0,0,0,0,0,4,0,0,0,0,0,0,0,0,0
ShortTailLab/ph-open,1,0,0,0,1,0,14,0,0,0,113,0,2,0,11,0,55,0,2,2,0,0,0,0,0,0,0,0,0,0,0,0,0,0,1,0,0,83,0,3,37,0,0,0,0,205,0,0,0,0,0,0,0,0,0,0,0,0,0,3,83,0,0,1,11,0,0,0,1,0,0,0,4,0,0,0,0,0,6,50,0,0,0,13,0,67,0,0,0
watashi/AlgoSolution,38,0,0,0,0,3,91,0,0,0,274,3,8,1,606,0,220,0,0,4,0,0,0,0,0,1,1,1,0,0,0,0,0,0,1,71,0,822,53,31,1257,38,4,0,0,72,0,23,0,0,0,0,48,11,0,0,0,1,0,13,42,0,0,8,24,0,0,0,109,0,31,0,12,0,4,4,0,1,23,401,0,8,0,253,0,27,49,0,41
alibaba/tair,0,0,0,0,0,0,30,0,0,0,85,0,0,0,0,0,14,0,0,0,0,0,0,0,0,0,0,0,0,0,0,0,0,0,0,0,0,4,0,0,4,0,0,0,0,15,0,0,0,0,0,0,0,0,0,0,0,0,0,0,15,0,0,0,0,0,0,0,0,0,0,0,0,0,1,0,0,0,0,3,0,0,0,1,0,0,0,0,0
lastfm/libmoost,0,0,0,0,0,0,0,0,0,0,1,0,8,0,0,0,6,0,0,0,0,0,0,0,0,0,0,0,0,0,0,0,0,0,0,1,0,5,0,0,1,0,0,0,0,0,0,0,0,0,0,0,0,0,0,0,0,0,0,0,0,0,0,0,0,0,0,0,0,0,0,0,0,0,0,0,0,0,0,0,0,0,0,0,0,0,0,0,0
splunk/pion,0,0,0,0,0,0,1,0,0,0,2,0,0,0,0,0,0,0,0,0,0,0,0,0,0,0,0,0,0,0,0,0,0,0,0,0,0,4,0,0,6,0,0,0,0,1,0,0,0,0,0,0,0,0,0,0,0,0,0,0,1,0,0,0,0,0,0,0,0,0,0,0,0,0,0,0,0,0,0,2,0,0,0,0,0,0,0,0,0
forio/julia-studio,2,0,0,0,2,3,197,0,0,0,436,0,68,6,16,0,285,3,0,4,0,3,374,0,5,0,0,0,0,0,0,0,0,0,6,6,0,123,0,0,181,0,0,0,7,480,0,0,0,0,0,0,0,0,0,0,0,0,0,0,157,0,0,2,46,0,0,0,8,0,364,0,98,0,0,0,0,0,0,22,0,0,0,31,0,152,40,0,0
ProjectSkyfire/SkyFire_5xx,0,0,0,0,0,0,10,0,0,0,65,0,1,0,1,0,15,0,0,0,0,0,0,0,0,0,0,0,0,0,0,0,0,0,1,0,0,57,0,0,15,0,0,0,0,28,0,0,0,0,0,0,0,0,0,0,0,0,0,1,13,0,0,0,1,0,0,0,7,0,0,0,2,0,0,0,0,0,2,0,0,0,0,28,0,2,3,0,0
imageworks/Field3D,0,0,0,0,0,0,0,0,0,0,8,0,0,0,29,0,0,0,0,0,0,0,32,0,0,0,0,0,0,0,0,0,0,0,0,0,0,20,0,0,27,0,0,0,0,0,0,0,0,0,0,0,0,0,0,0,0,0,0,0,0,0,0,0,0,0,0,0,0,0,0,0,0,0,0,0,0,0,0,0,0,0,0,0,0,0,0,0,0
HSA-Libraries/Bolt,0,0,0,0,0,1,5,0,0,0,15,0,31,0,13,0,0,0,0,0,0,1,26,0,0,0,0,0,0,0,0,0,0,0,0,0,0,5,1,26,8,1,0,0,0,0,0,0,0,0,0,0,0,0,0,0,0,0,0,0,0,0,0,0,0,0,0,0,0,0,0,0,5,0,0,0,0,0,0,27,0,0,2,0,0,20,0,0,0
residualvm/residualvm,0,0,0,0,0,0,2,0,0,0,3,0,0,0,1,0,38,0,2,0,0,0,9,0,1,0,0,0,0,0,0,0,0,0,0,0,0,0,0,0,2,0,0,0,0,11,0,0,0,0,0,0,0,0,0,0,0,0,0,0,7,0,0,1,12,0,0,0,0,0,0,0,1,0,0,0,0,0,0,15,0,0,0,0,0,4,0,0,0
psi-im/psi,0,0,0,0,0,0,0,0,0,0,0,0,0,0,0,0,2,0,0,0,0,0,0,0,0,0,0,0,0,0,0,0,0,0,0,0,1,0,0,0,0,0,0,0,0,2,0,0,0,0,0,0,0,0,0,0,1,0,1,0,2,0,0,0,0,0,0,0,0,0,0,0,0,0,0,0,0,0,0,0,0,0,0,0,0,0,0,0,0
RC1140/cr-gpg,0,0,0,0,0,0,0,0,0,0,1,0,0,0,0,0,0,0,0,0,0,0,0,0,0,0,0,0,0,0,0,0,0,0,0,0,0,0,0,0,0,0,0,0,0,30,0,0,0,0,0,0,0,0,0,0,0,0,0,0,14,0,0,0,0,0,0,0,0,0,0,0,1,0,0,0,0,0,0,0,0,0,0,0,0,0,0,0,0
lotem/librime,0,0,0,0,0,0,2,0,0,0,0,0,0,0,0,0,1,0,0,0,0,0,0,0,0,0,0,0,0,0,0,0,0,0,0,0,0,2,0,0,0,0,0,0,0,0,0,0,0,0,0,0,0,0,0,0,0,0,0,0,0,0,0,0,0,0,0,0,0,0,0,0,0,0,0,0,0,0,0,0,0,0,0,0,0,1,0,0,0
arx/ArxLibertatis,0,0,0,0,1,0,65,2,0,0,259,0,4,0,15,1,300,0,12,0,0,0,6,0,1,0,0,0,0,0,0,0,0,0,0,1,0,338,0,0,311,0,0,0,0,219,0,0,0,0,0,0,0,0,0,0,0,0,0,0,49,0,0,0,6,0,0,0,3,0,63,0,12,0,0,0,0,0,0,10,0,0,0,1,0,6,3,0,0
appleseedhq/appleseed,4,0,0,0,1,0,51,0,9,0,569,0,0,0,10,0,44,0,0,0,0,2,15,0,0,0,0,0,0,0,0,0,0,0,0,0,2,252,1,6,313,0,0,0,0,62,0,0,0,0,0,0,0,22,0,0,0,0,0,0,40,0,0,0,16,0,0,0,6,0,0,0,40,0,0,0,0,0,0,29,0,0,0,16,0,165,9,0,1
readium/readium-sdk,0,0,0,0,0,0,0,0,0,0,0,0,0,0,0,0,0,0,0,0,0,0,0,0,0,0,0,0,0,0,0,0,0,0,0,0,0,0,0,0,2,0,0,0,0,0,0,0,0,0,0,0,0,0,0,0,0,0,0,0,0,0,0,0,0,0,0,0,0,0,0,0,0,0,0,0,0,0,0,0,0,0,0,0,0,0,0,0,0
robbeofficial/KinectTouch,0,0,0,0,0,0,0,0,0,0,0,0,0,0,0,0,2,0,0,0,0,0,0,0,0,0,0,0,0,0,0,0,0,0,0,0,0,4,0,0,1,0,0,0,0,0,0,0,0,0,0,0,0,0,0,0,0,0,0,0,0,0,0,0,0,0,0,0,0,0,0,0,0,0,0,0,0,0,0,5,0,0,0,0,0,0,0,0,0
count0/graph-tool,0,0,0,0,0,0,1,0,0,0,7,0,5,0,0,0,7,0,0,0,0,0,0,0,0,0,0,0,0,0,0,0,0,0,0,0,0,0,0,0,0,0,0,0,0,3,0,0,0,0,0,0,0,0,0,0,0,0,0,0,1,0,0,0,1,0,0,0,0,0,0,0,7,0,0,0,0,0,0,0,0,0,0,0,0,0,0,0,0
twitter/BreakoutDetection,0,0,0,0,0,0,1,0,0,0,2,0,0,0,0,0,4,0,0,0,0,0,0,0,0,0,0,0,0,0,0,0,0,0,0,0,0,21,0,0,71,0,0,0,0,11,0,0,0,3,0,0,0,0,0,0,0,0,0,0,6,0,0,0,0,0,0,0,0,0,0,0,0,0,0,0,0,0,0,2,0,0,0,0,0,0,0,0,0
nneonneo/2048-ai,0,0,0,0,0,0,0,0,0,0,16,0,1,0,0,0,3,0,0,0,0,0,0,0,0,0,0,0,0,0,0,0,0,0,0,0,0,16,0,5,5,0,0,0,0,63,0,0,0,0,0,0,0,0,0,0,0,0,0,0,0,0,0,0,0,0,0,0,2,0,0,0,0,0,0,0,0,0,0,0,0,0,0,0,0,0,0,0,0
KDAB/GammaRay,0,0,0,0,0,0,0,0,0,0,4,0,0,0,0,0,11,0,0,1,0,1,0,0,1,0,0,0,0,0,0,0,0,0,0,11,0,0,0,0,4,0,0,0,0,54,0,0,0,0,0,0,0,0,0,0,0,0,0,0,19,0,0,0,1,0,0,0,0,0,0,0,0,0,0,0,0,0,0,3,0,0,0,0,0,0,0,0,0
euroelessar/qutim,0,0,0,0,0,0,0,0,0,0,119,0,4,0,0,0,9,0,0,0,0,0,0,0,0,0,0,0,0,0,0,0,0,0,0,0,0,0,0,0,1,0,0,0,0,17,0,0,0,0,0,0,0,0,0,0,0,0,0,0,10,0,0,0,0,0,0,0,0,0,0,0,1,0,1,0,0,0,0,2,0,0,0,0,0,0,0,0,0
Valloric/ycmd,0,0,0,0,0,1,2,0,0,0,21,0,9,0,1,0,25,0,4,0,0,0,2,0,10,0,0,0,0,0,0,0,0,0,1,5,0,16,0,0,14,0,0,0,0,6,0,0,0,0,0,0,0,0,0,0,0,0,0,0,5,0,0,0,4,0,0,0,1,0,0,0,4,0,0,0,0,0,0,0,0,0,0,3,0,1,1,0,2
infinidb/infinidb,0,0,0,0,2,0,137,0,0,0,203,0,23,6,29,0,304,0,10,1,0,10,13,0,2,0,0,0,0,0,0,0,0,0,0,0,0,192,0,10,400,0,0,0,2,56,0,0,0,0,0,0,0,484,0,0,0,0,0,0,30,0,0,0,16,0,0,0,7,0,3,0,10,0,0,0,0,0,0,45,0,0,0,106,0,6,88,0,0
dualface/cocos2d-x-extensions,0,0,0,0,0,0,2,0,0,0,3,0,1,0,0,0,4,0,0,0,0,0,0,0,0,0,0,0,0,0,0,0,0,0,0,0,0,3,0,0,6,0,0,0,0,39,0,0,0,0,0,0,0,0,0,0,0,0,0,0,18,0,0,0,0,0,0,0,0,0,0,0,0,0,0,0,0,0,0,2,0,0,0,0,0,0,0,0,0
gemrb/gemrb,0,0,0,0,0,0,0,0,0,0,53,0,0,0,5,0,7,0,0,2,0,0,0,0,1,0,0,0,0,0,0,0,0,0,0,0,0,0,0,1,1,0,0,0,0,3,0,0,0,0,0,0,0,0,0,0,0,0,0,0,3,0,0,0,1,0,0,0,0,0,1,0,1,0,0,0,0,0,0,2,0,0,0,0,0,1,0,0,0
arq5x/bedtools2,1,0,0,0,0,0,16,0,0,0,69,0,4,0,0,0,18,0,0,0,0,2,4,0,0,0,0,0,0,0,0,0,0,0,0,0,0,42,0,22,61,0,0,0,4,21,0,0,0,0,0,0,0,0,0,0,0,0,0,0,17,0,0,1,0,0,0,0,4,0,0,0,7,0,0,0,0,0,0,28,0,0,0,16,0,1,4,0,0
miguelmartin75/anax,0,0,0,0,0,0,0,0,0,0,0,0,0,0,0,0,0,0,0,0,0,0,0,0,0,0,0,0,0,0,0,0,0,0,0,0,0,0,0,0,0,0,0,0,0,5,0,0,0,0,0,0,0,0,0,0,0,0,0,0,4,0,0,0,0,0,0,0,0,0,0,0,0,0,0,0,0,0,0,0,0,0,0,0,0,10,0,0,0
PrivacySolutions/i2pd,0,0,0,0,0,0,0,0,0,0,6,0,0,0,1,0,12,0,0,0,0,0,0,0,0,0,0,0,0,0,0,0,0,0,0,0,0,0,0,0,24,0,0,0,0,1,0,0,0,0,0,0,0,0,0,0,0,0,0,1,1,0,0,0,0,0,0,0,0,0,0,0,1,0,0,0,0,0,2,0,0,0,0,0,0,2,14,0,0
MrKepzie/Natron,0,0,0,0,0,0,18,0,0,0,50,0,33,0,23,0,79,0,4,1,0,1,15,0,0,0,0,0,0,0,0,0,0,0,0,0,0,92,0,1,110,0,11,0,1,135,0,0,0,0,0,0,0,0,0,0,0,0,0,0,96,0,0,0,27,0,0,0,3,0,2,0,9,0,0,0,0,0,0,8,0,0,0,2,0,16,0,0,3
tongwang/s3fs-c,0,0,0,0,0,0,24,0,0,0,4,0,2,0,2,0,31,0,10,0,0,1,0,0,0,0,0,0,0,0,0,0,0,0,0,0,0,13,0,0,4,0,0,0,0,5,0,0,0,0,0,0,0,0,0,0,0,0,0,0,5,0,0,0,3,0,0,0,0,0,0,0,0,0,0,0,0,0,0,0,0,0,0,0,0,0,0,0,0
avxsynth/avxsynth,0,0,0,0,0,0,0,0,0,0,0,0,0,0,0,0,2,0,0,0,0,0,0,0,0,0,0,0,0,0,0,0,0,0,0,0,0,5,0,0,32,0,0,0,0,0,0,0,0,0,0,0,0,0,0,0,0,0,0,0,0,0,0,0,0,0,0,0,0,0,0,0,0,0,0,0,0,0,0,0,0,0,0,0,0,0,0,0,0
blackberry/WebWorks-Community-APIs,0,0,0,0,0,0,0,0,0,0,8,0,0,0,0,0,10,0,0,0,0,0,2,0,0,0,0,0,0,0,0,0,0,0,0,0,0,0,0,0,3,0,0,0,0,7,0,0,0,0,0,0,0,0,0,0,0,0,0,0,3,0,0,1,0,0,0,0,0,0,0,0,0,0,0,0,0,0,0,0,0,0,0,0,0,2,0,0,0
marioyc/Online-Judge-Solutions,4,0,0,0,0,0,0,0,0,0,80,0,10,0,337,0,65,0,0,0,0,0,30,0,0,1,0,0,0,0,0,0,0,0,0,22,0,888,0,12,607,0,0,0,0,35,0,20,0,0,0,0,3,0,0,0,0,3,0,0,1,0,0,0,0,0,0,0,30,0,9,0,69,0,0,0,0,0,0,402,0,0,4,111,0,2,30,0,0
akumuli/Akumuli,0,0,0,0,0,4,4,0,0,0,107,0,2,0,0,0,0,0,0,0,0,0,2,1,0,0,0,0,0,0,0,0,0,0,0,9,1,37,0,28,13,0,0,0,0,15,0,0,0,0,0,0,0,0,0,0,1,0,1,2,10,0,0,0,0,0,0,0,0,0,0,0,53,0,0,0,0,0,2,9,0,0,0,0,0,1,2,0,5
rbei-etas/busmaster,0,0,0,0,0,0,13,0,0,0,19,0,7,0,3,0,9,0,0,0,0,0,0,0,1,0,0,0,0,0,0,0,0,0,0,0,0,17,0,0,29,0,0,0,1,45,0,0,0,0,0,0,0,0,0,0,0,0,0,0,9,0,0,0,9,0,0,0,3,0,0,0,1,0,0,0,0,0,0,4,0,0,0,2,0,0,3,0,0
bingmann/sound-of-sorting,0,0,0,0,0,0,21,1,0,0,63,0,5,0,2,0,11,0,0,0,0,0,3,0,0,0,0,0,0,0,0,4,0,0,0,2,1,10,0,45,21,0,0,0,0,8,0,0,0,0,0,0,2,5,0,0,0,0,0,5,0,0,0,0,0,0,0,0,1,0,6,0,4,0,0,0,0,0,6,109,2,0,2,105,3,0,10,0,2
vinipsmaker/tufao,0,0,0,0,0,0,2,0,0,0,0,0,0,0,0,0,0,0,0,0,0,0,0,0,0,0,0,0,0,0,0,0,0,0,0,0,0,0,0,0,0,0,0,0,0,2,0,0,0,0,0,0,0,0,0,0,0,0,0,0,2,0,0,0,0,0,0,0,0,0,0,0,0,0,0,0,0,0,0,0,0,0,0,0,0,0,0,0,0
gecube/opencaesar3,0,0,0,0,0,0,0,0,0,0,0,0,0,0,0,0,1,0,0,0,0,0,0,0,0,0,0,0,0,0,0,0,0,0,0,0,0,11,0,0,1,0,0,0,0,5,0,0,0,0,0,0,0,0,0,0,0,0,0,0,0,0,0,0,0,0,0,0,0,0,0,0,0,0,0,0,0,0,0,0,0,0,0,0,0,0,0,0,0
cryos/avogadro,0,0,0,0,0,0,33,0,0,0,29,0,0,0,3,0,11,0,0,0,0,0,2,0,0,0,0,0,0,0,0,0,0,0,0,0,0,12,0,0,14,0,0,0,0,70,0,0,0,0,0,0,0,0,0,0,0,0,0,0,55,0,0,0,6,0,0,0,0,0,3,0,14,0,0,0,0,0,0,13,0,0,0,0,0,1,13,0,0
jzdziarski/nestopia,0,0,0,0,0,0,0,0,0,0,4,0,0,0,24,0,0,0,0,0,0,0,0,0,0,0,0,0,0,0,0,0,0,0,0,8,0,0,0,0,0,0,0,0,0,0,0,0,0,0,0,0,0,0,0,0,0,0,0,0,0,0,0,0,0,0,0,0,0,0,0,0,0,0,0,0,0,0,0,2,0,0,0,2,0,0,0,0,0
zeromq/zeromq4-x,0,0,0,0,0,0,0,0,0,0,111,0,2,2,0,0,3,2,0,0,0,0,1,0,0,0,0,0,0,0,0,0,0,0,0,0,0,48,0,0,127,0,0,0,0,15,0,0,0,0,0,0,0,0,0,0,0,0,0,0,2,0,0,1,0,0,0,0,0,0,0,0,0,0,0,0,0,0,0,0,0,0,0,0,0,0,0,0,0
yvt/openspades,0,0,0,0,0,0,2,0,0,0,28,0,1,1,6,0,21,0,0,0,0,0,0,0,0,0,0,0,0,0,0,0,0,0,0,0,0,107,0,0,63,0,0,0,0,15,0,0,0,0,0,0,0,0,0,0,0,0,0,0,2,0,0,0,0,0,0,0,3,0,0,0,1,0,0,0,0,0,8,29,0,0,0,28,0,0,2,0,0
DmitryKoterov/dklab_realplexor,0,0,0,0,0,0,1,0,0,0,0,0,0,0,0,0,0,0,0,0,0,0,0,0,0,0,0,0,0,0,0,0,0,0,0,0,0,1,0,0,1,0,0,0,0,0,0,0,0,0,0,0,0,0,0,0,0,0,0,0,0,0,0,0,0,0,0,0,0,0,0,0,0,0,0,0,0,0,0,0,0,0,0,0,0,0,0,0,0
mangoszero/server,0,0,0,0,0,0,12,0,0,0,28,0,1,0,1,0,14,0,0,0,0,0,0,0,0,0,0,0,0,0,0,0,0,0,1,0,0,57,0,0,10,0,0,0,0,15,0,0,0,0,0,0,0,0,0,0,0,0,0,0,13,0,0,0,2,0,0,0,1,0,0,0,2,0,0,0,0,0,0,0,0,0,0,27,0,2,3,0,0
lmmenge/MeSNEmu,1,0,0,0,0,0,3,0,0,0,8,0,0,0,1,0,4,0,0,0,0,0,0,0,0,0,0,0,0,0,0,0,0,0,0,1,0,8,0,0,36,0,0,0,1,27,0,0,0,0,0,0,0,0,0,0,0,0,0,0,0,0,0,0,0,0,0,0,0,0,0,0,0,0,0,0,0,0,0,0,0,0,0,10,0,0,0,0,0
lzhang10/maxent,0,0,0,0,0,0,1,0,0,0,79,0,2,0,8,0,11,0,0,0,0,0,0,0,0,0,0,0,0,0,0,0,0,0,0,0,0,49,0,3,4,0,0,0,0,1,0,0,0,0,0,0,0,0,0,0,0,0,0,1,1,0,0,0,0,0,0,0,0,0,0,0,0,0,0,0,0,0,1,7,0,0,0,0,0,0,0,0,0
Bromeon/Thor,1,0,0,0,0,0,3,0,1,0,6,0,4,0,5,0,2,0,0,0,0,0,0,0,2,0,0,0,0,0,0,0,0,0,0,0,0,18,0,4,4,0,0,0,0,43,0,0,0,0,0,0,0,0,0,0,0,0,0,0,16,0,0,2,1,0,0,0,2,0,2,0,0,0,0,0,0,0,0,0,0,0,0,31,0,7,0,0,0
izenecloud/sf1r-lite,3,0,0,0,0,0,3,0,0,0,71,0,10,0,3,0,86,0,0,0,0,1,3,0,0,0,0,0,0,0,0,0,0,0,0,0,0,88,2,134,199,1,0,0,1,29,0,0,0,0,0,0,0,0,0,0,0,0,0,0,24,0,0,1,3,0,0,0,6,0,4,0,167,0,1,0,0,0,0,113,0,0,1,67,0,0,8,0,0
ericniebler/range-v3,0,0,0,0,0,0,32,5,0,0,24,0,26,0,11,9,0,0,0,0,0,0,0,0,0,0,3,6,524,494,0,30,0,0,16,0,30,14,14,6,17,6,8,8,15,34,6,9,0,6,19,7,0,0,0,0,19,7,9,61,0,0,0,0,0,0,0,0,8,0,0,0,0,0,0,0,0,0,61,209,10,0,13,18,14,6,117,0,0
arq5x/bedtools,1,0,0,0,0,0,16,0,0,0,63,0,4,0,0,0,18,0,0,0,0,2,4,0,0,0,0,0,0,0,0,0,0,0,0,0,0,28,0,22,47,0,0,0,4,21,0,0,0,0,0,0,0,0,0,0,0,0,0,0,17,0,0,1,0,0,0,0,0,0,0,0,7,0,0,0,0,0,0,17,0,0,0,15,0,1,0,0,0
vrtadmin/clamav-devel,4,0,0,0,0,2,186,0,0,0,359,0,61,2,24,0,362,0,2,0,0,9,68,0,13,0,0,0,0,0,0,0,0,0,0,15,0,142,0,124,1279,0,0,0,35,817,0,0,0,0,0,0,0,1,0,0,0,0,0,0,383,0,0,1,217,0,0,0,28,0,9,0,45,0,1,0,0,0,34,136,0,0,7,91,0,92,59,0,24
xLAva/JediOutcastLinux,0,0,0,0,0,0,1,0,0,0,23,0,4,4,1,0,38,0,0,0,0,0,0,0,0,0,0,0,0,0,0,0,0,0,0,0,0,19,0,1,21,0,0,0,0,18,0,0,0,0,0,0,0,0,0,0,1,0,2,0,2,0,0,0,0,0,0,0,0,0,0,0,8,0,0,0,0,0,0,13,0,0,0,0,0,2,0,0,0
Grumbel/xboxdrv,0,0,0,0,0,0,0,0,0,0,3,0,1,0,4,0,1,0,0,0,0,0,0,0,0,0,0,0,0,0,0,0,0,0,0,0,0,8,0,0,8,0,0,0,0,0,0,0,0,0,0,0,0,0,0,0,0,0,0,0,0,0,0,0,0,0,0,0,0,0,0,0,0,0,0,0,0,0,0,1,0,0,0,0,0,0,0,0,0
Forkk/MultiMC4,0,0,0,0,0,0,0,0,0,0,0,0,0,0,0,0,8,0,0,0,0,0,1,0,0,0,0,0,0,0,0,0,0,0,0,0,0,0,0,0,0,0,0,0,0,5,0,0,0,0,0,0,0,0,0,0,0,0,0,0,3,0,0,0,0,0,0,0,0,0,0,0,2,0,0,0,0,0,0,1,0,0,0,0,0,3,0,0,0
ImageEngine/gaffer,0,0,0,0,0,0,0,0,0,0,0,0,0,0,0,0,1,0,0,0,0,0,0,0,0,0,0,0,0,0,0,0,0,0,0,0,0,0,0,0,0,0,0,0,0,11,0,0,0,0,0,0,0,0,0,0,0,0,0,0,7,0,0,0,0,0,0,0,0,0,0,0,0,0,0,0,0,0,0,0,0,0,0,0,0,0,0,0,0
commontk/CTK,0,0,0,0,0,0,9,0,0,0,3,0,0,0,0,0,17,0,0,0,0,0,1,0,1,0,0,0,0,0,0,0,0,0,0,2,0,0,0,0,2,0,0,0,0,13,0,0,0,0,0,0,0,0,0,0,0,0,0,0,12,0,0,0,0,0,0,0,0,0,0,0,4,0,0,0,0,0,0,3,0,0,0,0,0,2,5,0,0
earl/llvm-mirror,11,0,0,0,0,2,299,1,4,0,798,14,149,0,43,0,720,0,5,8,0,9,198,0,27,0,0,0,0,0,0,2,0,0,0,23,0,368,3,204,2232,0,5,0,52,1090,0,0,2,0,0,0,0,6,0,0,0,0,0,3,500,0,0,2,427,0,0,0,96,0,26,0,102,0,1,0,0,1,643,206,0,0,14,302,1,187,242,0,13
sirikata/sirikata,0,0,0,0,0,0,9,0,0,0,51,0,4,3,4,0,101,0,0,0,0,0,54,0,0,0,0,0,0,0,0,0,0,0,0,0,2,137,0,1,62,0,0,0,0,103,0,0,0,0,0,0,0,0,0,0,4,0,0,0,69,0,0,0,1,0,0,0,1,0,1,0,1,0,0,0,0,0,0,100,0,0,0,18,0,2,3,0,0
joto/osmium,2,0,0,0,0,0,0,0,0,0,0,0,0,0,0,0,0,0,0,0,0,0,0,0,0,0,0,0,0,0,0,0,0,0,0,0,0,0,0,0,0,0,0,0,0,0,0,0,0,0,0,0,0,0,0,0,0,0,0,0,0,0,0,0,0,0,0,0,0,0,0,0,0,0,0,0,0,0,0,0,0,0,0,0,0,0,0,0,0
FreeCAD/FreeCAD_sf_master,3,0,5,0,0,0,32,0,0,0,173,10,31,0,66,0,176,0,0,9,0,0,39,0,2,0,0,2,0,0,0,0,0,0,0,0,0,187,2,1,237,2,0,0,0,249,0,0,0,0,0,0,0,2,0,0,0,0,0,0,146,0,0,0,9,0,0,0,13,0,2,0,56,0,2,3,0,1,0,106,0,0,0,64,0,12,22,0,0
nightingale-media-player/nightingale-hacking,0,0,0,0,0,0,32,0,0,2,80,2,23,0,4,0,61,0,0,0,0,6,7,0,10,0,0,0,0,0,0,0,0,0,0,3,0,95,0,2,153,0,0,0,5,142,0,0,0,0,0,0,0,0,0,0,0,0,0,1,46,0,0,0,9,0,0,0,6,0,0,0,7,0,0,0,0,0,1,95,0,0,0,13,0,0,37,0,0
tomahawk-player/tomahawk-resolvers,0,0,0,0,0,0,1,0,0,0,9,0,1,0,2,1,2,0,0,0,0,0,0,0,0,0,0,0,0,0,0,0,0,0,1,0,0,16,0,0,2,0,0,0,1,0,0,0,0,0,0,0,0,0,0,0,0,0,0,0,0,0,0,0,0,0,0,0,0,0,0,0,0,0,0,0,0,0,0,0,0,0,0,6,0,0,1,0,0
jackaudio/jack2,0,0,0,0,0,0,2,0,0,0,3,0,0,0,1,0,3,0,0,0,0,0,0,0,0,0,0,0,0,0,0,0,0,0,0,0,0,25,0,0,24,0,0,0,0,13,0,0,0,0,0,0,0,0,0,0,0,0,0,0,3,0,0,0,0,0,0,0,0,0,0,0,0,0,0,0,0,0,0,3,0,0,0,0,0,0,0,0,0
jgh-/VideoCore,0,0,0,0,0,0,0,0,0,0,4,0,0,0,0,0,3,0,0,0,0,0,0,0,0,0,0,0,0,0,0,0,0,0,0,0,0,2,0,0,7,0,0,0,0,0,0,0,0,0,0,0,0,0,0,0,0,0,0,0,0,0,0,0,0,0,0,0,0,0,0,0,2,0,0,0,0,0,0,0,0,0,0,0,0,0,0,0,0
m1ch1/mapkeeper,0,0,0,0,0,0,0,0,0,0,0,0,0,0,0,0,3,0,0,0,0,0,0,0,0,0,0,0,0,0,0,0,0,0,0,0,0,0,0,0,0,0,0,0,0,5,0,0,0,0,0,0,0,0,0,0,0,0,0,0,5,0,0,0,0,0,0,0,0,0,0,0,0,0,0,0,0,0,0,0,0,0,0,0,0,0,0,0,0
ImageEngine/cortex,23,0,0,0,1,0,123,0,0,0,52,0,8,0,9,0,178,0,14,0,0,0,1,0,0,0,0,0,0,0,0,0,0,0,0,4,0,90,3,12,124,0,0,0,1,100,0,0,0,0,0,0,0,0,0,0,0,0,0,1,68,0,0,0,9,0,0,0,61,0,0,0,5,0,1,0,0,0,2,35,0,0,0,17,0,86,18,0,2
vcmi/vcmi,1,0,0,0,0,0,11,0,0,0,22,0,1,0,1,0,30,0,0,0,0,0,11,0,0,0,0,0,0,0,0,0,0,0,0,0,0,44,1,0,42,0,0,0,0,4,0,0,0,0,0,0,0,0,0,0,0,0,0,0,1,0,0,0,6,0,0,0,4,0,0,0,1,0,0,0,0,0,0,4,0,0,1,0,0,0,11,0,0
pfi/pficommon,0,0,0,0,0,0,3,0,3,0,4,0,7,0,4,0,0,0,0,0,0,0,1,0,0,0,0,0,0,0,0,0,0,0,0,0,0,9,0,0,11,0,0,0,0,1,0,0,0,0,0,0,0,0,0,0,0,0,0,0,1,0,0,0,12,0,0,0,0,0,0,0,4,0,0,0,0,0,0,6,0,0,0,5,0,0,2,0,0
PySide/PySide,0,0,0,0,0,1,0,0,0,0,5,0,0,0,1,0,3,0,0,0,0,0,0,0,0,0,0,0,0,0,0,0,0,0,0,0,0,2,0,0,1,0,0,0,0,1,0,0,0,0,0,0,0,0,0,0,0,0,0,0,1,0,0,0,0,0,0,0,0,0,0,0,2,0,0,0,0,0,0,0,0,0,0,0,0,0,0,0,0
larroy/clearskies_core,0,0,0,0,0,0,0,0,0,0,3,0,0,0,0,0,0,0,0,0,0,0,1,1,0,0,0,0,0,0,0,0,0,0,0,0,0,0,0,0,0,0,0,0,0,0,0,0,0,0,0,0,0,0,0,0,0,0,0,0,0,0,0,0,0,0,0,0,0,0,0,0,0,0,0,0,0,0,0,0,0,0,0,0,0,0,0,0,0
GLSL-Debugger/GLSL-Debugger,0,0,0,0,0,0,60,0,0,0,0,0,0,0,0,0,11,0,0,0,0,0,0,0,0,0,0,0,0,0,0,0,0,0,0,0,0,0,0,0,13,0,0,0,0,2,0,0,0,0,0,0,0,0,0,0,0,0,0,0,2,0,0,0,0,0,0,0,4,0,0,0,5,0,0,0,0,0,0,0,0,0,0,0,0,0,5,0,0
timschmidt/repsnapper,0,0,0,0,0,0,3,0,0,0,13,0,2,0,24,0,10,0,0,0,0,0,2,0,0,0,0,0,0,0,0,0,0,0,0,0,0,47,0,4,65,0,0,0,0,29,0,0,0,0,0,0,1,0,0,0,0,0,0,1,10,0,0,0,0,0,0,0,6,0,10,0,2,0,0,0,0,0,1,15,0,0,0,3,0,39,0,0,0
Ultimaker/CuraEngine,0,0,0,0,0,0,2,0,0,0,4,0,1,0,4,0,3,0,0,0,0,0,0,0,0,0,0,0,0,0,0,0,0,0,0,0,0,55,0,1,42,0,0,0,0,14,0,0,0,0,0,0,0,0,0,0,0,0,0,0,8,0,0,0,0,0,0,0,9,0,0,0,0,0,0,0,0,0,0,4,0,0,0,3,0,0,0,0,0
opdenkamp/xbmc-pvr-addons,0,0,0,0,0,0,1,0,0,0,8,0,0,0,13,0,31,0,1,0,0,0,8,0,0,0,0,0,0,0,0,0,0,0,0,0,0,6,0,2,36,0,0,0,0,66,0,0,0,0,0,0,0,0,0,0,0,0,0,0,12,0,0,0,2,0,0,0,2,0,0,0,0,0,0,0,0,0,0,2,0,0,0,0,0,2,2,0,0
loot/loot,0,0,0,0,0,0,0,0,0,0,1,0,1,0,0,0,2,0,0,0,0,0,2,0,0,0,0,0,0,0,0,0,0,0,0,0,0,2,0,0,7,0,0,0,0,25,0,0,0,0,0,0,0,0,0,0,0,0,0,0,7,0,0,0,0,0,0,0,0,0,0,0,0,0,0,0,0,0,0,7,0,0,0,0,0,0,0,0,0
kikohs/freak,0,0,0,0,0,0,0,0,0,0,0,0,0,0,1,0,0,0,0,0,0,0,2,0,0,0,0,0,0,0,0,0,0,0,0,0,0,2,0,1,2,0,0,0,0,1,0,0,0,0,0,0,0,0,0,0,0,0,0,0,1,0,0,0,0,0,0,0,0,0,3,0,0,0,0,0,0,0,0,3,0,0,0,0,0,0,0,0,0
taskwarrior/task,3,0,0,0,0,0,17,0,0,0,84,0,13,0,2,0,200,0,2,0,0,0,15,0,0,0,0,0,0,0,0,0,0,0,0,0,0,73,0,25,136,0,0,0,2,92,0,0,0,0,0,0,0,0,0,0,0,0,0,0,76,0,0,0,79,0,0,0,8,0,0,0,21,0,0,0,0,0,0,55,0,0,1,0,0,2,14,0,0
cocos2d-x/cocos2dx-win8,0,0,0,0,0,0,2,0,0,0,3,0,1,0,0,0,4,0,0,0,0,0,0,0,0,0,0,0,0,0,0,0,0,0,0,0,0,3,0,0,6,0,0,0,0,39,0,0,0,0,0,0,0,0,0,0,0,0,0,0,18,0,0,0,0,0,0,0,0,0,0,0,0,0,0,0,0,0,0,2,0,0,0,0,0,0,0,0,0
zeux/pugixml,0,0,0,0,0,0,24,0,0,0,7,0,7,0,0,0,8,0,0,0,0,0,1,0,0,0,0,0,0,0,0,0,0,0,0,0,0,16,0,0,2,0,0,0,0,7,0,0,0,0,0,0,0,0,0,0,0,0,0,2,4,0,0,0,0,0,0,0,22,0,0,0,0,0,0,0,0,0,2,80,0,0,0,2,0,0,0,0,0
xzero/x0,0,0,0,0,0,0,13,0,0,0,18,0,12,0,0,0,50,0,0,5,0,0,15,0,1,0,0,0,0,0,0,0,0,0,0,5,0,30,0,1,62,0,0,0,3,65,0,0,0,0,0,0,0,0,0,0,0,0,0,0,21,0,0,0,6,0,0,0,0,0,0,0,4,0,0,0,0,0,0,0,0,0,0,5,0,0,50,0,0
fix8/fix8,0,0,0,0,0,0,9,0,0,0,13,0,0,0,0,0,25,0,0,0,0,4,11,7,5,0,0,0,0,0,0,0,0,0,0,0,0,0,0,0,8,0,0,0,0,0,0,0,0,0,0,0,0,0,0,0,0,0,0,0,0,0,0,0,0,0,0,0,0,0,0,0,0,0,0,0,0,0,0,0,0,0,0,0,0,0,12,0,0
asantee/ethanon,0,0,0,0,0,0,0,0,0,0,50,0,0,0,1,0,1,0,0,0,0,0,5,0,0,0,0,0,0,0,0,0,0,0,0,0,0,5,0,0,9,0,0,0,0,8,0,0,0,0,0,0,0,0,0,0,0,0,0,0,8,0,0,0,1,0,0,0,0,0,0,0,0,0,0,0,0,0,0,0,0,0,0,0,0,1,0,0,0
juj/MathGeoLib,0,0,0,0,0,0,0,0,0,0,1,0,0,0,0,0,0,0,0,0,0,0,0,0,0,0,0,0,0,0,0,0,0,0,0,0,0,75,0,0,15,0,0,0,0,0,0,0,0,0,0,0,0,0,0,0,0,0,0,0,0,0,0,0,0,0,0,0,0,0,0,0,0,0,0,0,0,0,0,1,0,0,0,0,0,0,0,0,0
milakov/nnForge,20,0,0,0,2,2,3,0,0,0,558,0,7,0,13,1,10,0,0,0,0,14,8,0,0,0,0,0,0,0,0,0,0,0,0,0,0,135,6,4,51,4,0,0,0,0,0,0,0,0,0,0,0,0,0,0,0,0,0,0,0,0,0,0,0,0,0,0,15,0,3,0,7,0,1,0,0,0,0,4,0,0,0,0,0,58,0,0,0
cybozu/yrmcds,0,0,0,3,1,0,9,0,0,0,9,0,0,0,10,0,32,0,0,0,0,0,0,0,0,0,0,0,0,0,0,0,0,0,0,0,0,12,0,0,5,0,0,0,0,16,0,0,2,0,0,0,0,0,0,0,0,0,0,0,10,0,0,1,3,0,0,0,0,0,0,0,0,0,0,0,0,0,0,1,0,0,0,1,0,0,9,0,0
tlorach/nvFX,0,0,0,0,0,0,0,0,0,0,0,0,0,0,0,0,21,0,0,0,0,0,0,0,0,0,0,0,0,0,0,0,0,0,0,0,0,2,0,0,0,0,0,0,0,2,0,0,0,0,0,0,0,0,0,0,0,0,0,0,2,0,0,0,0,0,0,0,0,0,0,0,0,0,0,0,0,0,0,1,0,0,0,0,0,0,0,0,0
slowmoVideo/slowmoVideo,0,0,0,0,0,0,6,0,0,0,5,0,0,0,1,0,0,0,0,0,0,0,0,0,0,0,0,0,0,0,0,0,0,0,0,0,0,15,0,0,1,0,0,0,0,1,0,0,0,0,0,0,0,0,0,0,0,0,0,0,0,0,0,0,0,0,0,0,0,0,0,0,0,0,0,0,0,0,0,0,0,0,0,0,0,0,0,0,0
csmith-project/csmith,0,0,0,0,0,0,0,0,0,0,6,0,34,0,0,0,7,0,0,0,0,0,1,0,0,0,0,0,0,0,0,0,0,0,0,0,0,11,2,0,127,3,0,0,0,0,0,0,0,0,0,0,0,0,0,0,0,0,0,0,0,0,0,0,0,0,0,0,0,0,0,0,0,0,0,0,0,0,0,1,0,0,0,0,0,0,0,0,0
headmyshoulder/odeint-v2,20,0,0,0,0,0,91,0,9,0,7,0,0,0,0,0,7,0,0,3,0,79,0,0,0,0,0,3,0,0,0,0,0,0,0,1,0,22,0,0,3,0,0,0,0,0,0,0,0,0,0,0,0,0,0,0,0,0,0,0,0,0,0,0,0,0,0,0,0,0,0,0,0,0,0,0,0,0,0,5,0,0,0,0,0,19,1,0,1
tpaviot/pythonocc,0,0,0,0,0,0,2,0,0,0,8,0,5,0,2,0,31,0,0,0,0,0,4,0,0,0,0,0,0,0,0,0,0,0,1,0,0,36,0,0,49,0,0,0,0,92,0,0,0,0,0,0,0,0,0,0,0,0,0,0,28,0,0,0,3,0,0,0,3,0,0,0,2,0,0,1,0,0,0,15,0,0,1,3,0,0,1,0,0
kusma/vlee,0,0,0,0,0,0,0,0,0,0,7,0,0,0,0,0,1,0,0,0,0,0,6,0,0,0,0,0,0,0,0,0,0,0,0,0,0,0,0,0,15,0,0,0,0,0,0,0,0,0,0,0,0,0,0,0,0,0,0,0,0,0,0,0,0,0,0,0,0,0,0,0,0,0,0,0,0,0,0,0,0,0,0,0,0,1,0,0,0
ruben2020/codequery,0,0,0,0,0,0,9,0,0,0,0,0,0,0,0,0,0,0,0,0,0,0,0,0,0,0,0,0,0,0,0,0,0,0,0,0,0,0,0,0,3,0,0,0,0,0,0,0,0,0,0,0,0,0,0,0,0,0,0,0,0,0,0,0,4,0,0,0,0,0,0,0,29,0,0,0,0,0,0,0,0,0,0,0,0,0,0,0,0
Open-Transactions/Open-Transactions,0,0,0,0,0,0,51,0,0,0,659,0,7,2,4,0,111,2,1,2,0,0,37,0,0,0,0,0,0,0,0,0,0,0,0,0,0,122,0,1,312,0,0,0,1,224,0,0,0,0,0,0,0,0,0,0,0,0,0,0,84,0,0,1,13,0,0,0,2,0,0,0,3,0,0,0,0,0,0,9,0,0,0,0,0,0,1,0,0
ekg/freebayes,2,0,0,0,0,0,12,0,0,0,14,0,0,0,0,0,10,0,0,0,0,0,6,0,0,0,0,0,0,0,0,0,0,0,0,0,0,14,0,2,16,0,0,0,0,0,0,0,0,0,0,0,0,0,0,0,0,0,0,0,0,0,0,0,0,0,0,0,0,0,0,0,3,0,0,0,0,0,0,4,0,0,0,0,0,0,2,0,0
Netflix/NfWebCrypto,0,0,0,0,0,0,2,0,0,0,3,0,2,0,0,0,9,0,0,0,0,0,12,0,0,0,0,0,0,0,0,0,0,0,0,0,0,0,0,0,3,0,0,0,0,2,0,0,0,0,0,0,0,0,0,0,0,0,0,0,1,0,0,0,4,0,0,0,0,0,0,0,1,0,0,0,0,0,0,0,0,0,0,4,0,0,0,0,0
FluXy/SMC,0,0,0,0,0,0,0,0,0,0,7,0,0,0,7,0,5,0,0,1,0,0,0,0,0,0,0,0,0,0,0,0,0,0,0,0,0,0,0,0,1,0,0,0,0,3,0,0,0,0,0,0,0,0,0,0,0,0,0,0,1,0,0,0,2,0,0,0,0,0,0,0,0,0,0,0,0,0,0,7,0,0,0,0,0,0,0,0,0
swganh/mmoserver,1,0,0,0,0,0,5,0,0,0,59,0,0,0,3,0,32,0,0,5,0,20,2,0,0,0,0,0,0,0,0,0,0,0,0,0,0,97,0,0,112,0,0,0,0,119,0,0,0,0,0,0,0,0,0,0,0,0,0,0,89,0,0,1,3,0,0,0,0,0,0,0,4,0,0,0,0,0,0,1,0,0,0,4,0,2,0,0,0
luabind/luabind,0,0,0,0,0,0,0,0,0,0,5,0,0,0,0,0,0,0,0,0,0,0,0,0,0,0,0,0,0,0,0,0,0,0,0,0,0,0,0,0,0,0,0,0,0,1,0,0,0,0,0,0,0,0,0,0,0,0,0,0,1,0,0,0,0,0,0,0,0,0,0,0,0,0,0,0,0,0,0,0,0,0,0,3,0,0,0,0,0
Ancurio/mkxp,0,0,0,0,0,0,1,0,0,0,16,0,0,0,31,0,8,0,0,0,0,0,1,0,0,0,0,0,0,0,0,0,0,0,0,0,0,12,0,0,14,0,0,0,0,2,0,0,0,0,0,0,0,0,0,0,0,0,0,0,1,0,0,0,0,0,0,0,0,0,0,0,0,0,0,0,0,0,0,0,0,0,0,9,0,0,0,0,0
dariomanesku/cmft,0,0,0,0,0,0,0,0,0,0,33,0,30,0,0,0,0,0,0,0,0,0,0,0,0,0,0,0,0,0,0,0,0,0,0,0,0,0,0,0,0,0,0,0,0,1,0,0,0,0,0,0,0,0,0,0,0,0,0,0,0,0,0,0,0,0,0,0,0,0,0,0,0,0,0,0,0,0,0,0,0,0,0,10,0,0,0,0,0
Reactive-Extensions/RxCpp,6,0,0,0,0,0,0,0,0,0,13,0,0,0,2,0,1,0,0,0,0,1,0,0,0,0,0,0,0,0,0,0,0,0,0,0,0,1,0,0,1,0,0,0,2,0,0,0,0,0,0,0,0,0,0,0,0,0,0,0,0,0,0,0,0,0,0,0,0,0,0,0,1,0,0,0,0,0,0,0,0,0,0,0,0,0,0,0,0
chokkan/crfsuite,0,0,0,0,0,0,10,0,0,0,2,0,9,0,4,0,1,0,0,0,0,0,4,0,0,0,0,0,0,0,0,0,0,0,0,0,0,0,0,0,0,0,0,0,0,0,0,0,0,0,0,0,0,0,0,0,0,0,0,0,0,0,0,0,1,0,0,0,13,0,0,0,0,0,0,0,0,0,0,0,0,0,0,21,0,0,0,0,0
OpenCPN/OpenCPN,2,0,0,0,0,0,8,0,0,0,21,0,4,0,6,0,17,0,0,0,0,0,0,0,1,0,0,0,0,0,0,0,0,0,0,0,0,122,0,1,113,0,0,0,0,6,0,0,0,0,0,0,0,0,0,0,0,0,0,0,2,0,0,0,0,0,0,0,1,0,0,0,1,0,0,0,0,0,0,1,0,0,0,13,0,12,0,0,0
scantailor/scantailor,1,0,1,0,0,1,25,0,0,0,106,0,18,2,173,0,100,0,0,4,0,2,1,0,0,0,0,0,0,0,0,0,0,0,0,24,0,489,0,15,404,1,0,0,0,342,0,0,0,0,1,0,0,0,0,0,0,0,0,0,182,0,0,2,11,0,0,0,27,0,37,0,8,0,1,0,0,0,0,47,0,0,0,121,0,107,9,0,2
icecc/icecream,0,0,0,0,0,0,0,0,0,0,17,0,2,0,9,0,42,0,3,0,0,0,0,0,1,0,0,0,0,0,0,0,0,0,0,1,0,98,0,0,50,0,0,0,1,43,0,0,0,0,0,0,0,0,0,0,0,0,0,0,41,0,0,0,3,0,0,0,0,0,0,0,1,0,0,0,0,0,0,1,0,0,0,3,0,1,0,0,1
matplotlib/basemap,0,0,0,0,0,0,29,0,0,0,5,0,40,0,3,0,31,0,2,0,0,2,2,0,16,0,0,0,0,0,0,0,0,0,0,0,0,121,0,25,138,0,0,0,0,61,0,0,0,0,0,0,0,0,0,0,0,0,0,0,36,0,0,0,1,0,0,0,13,0,0,0,29,0,0,2,0,0,0,53,0,0,0,4,0,4,14,0,0
simongog/sdsl-lite,1,0,0,0,0,0,6,0,0,0,72,1,25,1,10,0,28,0,2,0,0,0,2,0,1,0,0,0,0,0,0,0,0,0,0,3,0,97,2,7,89,0,0,0,2,49,0,0,0,0,0,0,0,0,0,0,0,0,0,3,35,0,0,0,1,0,0,0,0,0,1,0,14,0,0,1,0,0,3,16,0,0,0,12,0,3,25,0,2
zeroreserve/ZeroReserve,0,0,0,0,0,0,0,0,0,0,0,0,4,0,0,0,1,0,0,0,0,0,0,0,0,0,0,0,0,0,0,0,0,0,0,0,0,0,0,0,0,0,0,0,0,1,0,0,0,0,0,0,0,0,0,0,0,0,0,0,1,0,0,0,0,0,0,0,0,0,0,0,0,0,0,0,0,0,0,0,0,0,0,0,0,0,0,0,0
aevum/libgdx-cpp,0,0,0,0,0,0,0,0,0,0,16,0,0,0,7,0,11,0,2,2,0,0,3,0,0,0,0,0,0,0,0,0,0,0,0,0,0,90,0,1,79,0,0,0,0,8,0,0,0,0,0,0,0,0,0,0,0,0,0,0,4,0,0,0,0,0,0,0,1,0,9,0,0,0,0,0,0,0,0,3,0,0,0,1,0,54,5,0,0
LaurentGomila/SFML-Game-Development-Book,0,0,0,0,0,0,0,0,0,0,0,0,0,0,5,0,16,0,0,8,0,4,0,0,0,0,0,0,0,0,0,0,0,0,0,0,0,25,0,0,30,0,4,0,0,118,0,0,0,0,0,0,0,0,0,0,0,0,0,0,36,0,0,5,0,0,0,0,0,0,0,0,0,0,0,0,0,0,0,6,0,0,0,4,0,48,31,0,0
POV-Ray/povray,1,0,0,0,0,0,66,0,0,0,162,0,24,0,62,0,77,0,0,0,0,0,31,0,1,0,0,0,0,0,0,0,0,0,0,0,1,1172,0,26,1036,0,0,0,0,98,0,0,0,0,0,0,0,1,0,0,2,0,1,0,21,0,0,0,6,0,0,0,2,0,28,0,11,0,0,0,0,0,0,48,0,0,0,45,0,27,0,0,0
petuum/public,0,0,0,0,0,0,0,0,0,0,18,0,0,0,2,0,9,0,0,0,0,0,0,0,0,0,0,0,0,0,0,0,0,0,0,2,0,19,0,0,16,0,0,0,0,3,0,0,0,0,0,0,0,38,0,0,0,0,0,3,0,0,0,0,0,0,0,0,0,0,0,0,0,0,0,0,0,0,4,0,0,0,0,0,0,0,1,0,0
splintermind/Dwarf-Therapist,0,0,0,0,0,0,0,0,0,0,28,0,0,0,0,0,1,0,0,0,0,0,0,0,0,0,0,0,0,0,0,0,0,0,0,0,0,17,0,0,3,0,0,0,0,8,0,0,0,2,0,0,0,0,0,0,0,0,0,0,8,0,0,0,0,0,0,0,0,0,0,0,0,0,0,0,0,0,0,9,0,0,0,0,0,1,1,0,0
MTG/essentia,0,0,0,0,0,0,14,0,1,0,0,0,7,0,1,0,30,0,0,0,0,0,0,0,0,0,0,0,0,0,0,0,0,0,0,0,0,6,0,28,61,0,0,0,0,22,0,0,0,0,0,0,0,0,0,0,0,0,0,0,21,0,0,0,7,0,0,0,0,0,0,0,0,0,0,0,0,0,0,27,0,0,0,0,0,0,0,0,0
erengy/taiga,0,0,0,0,0,0,1,0,0,0,12,0,5,0,0,0,33,0,5,1,0,0,0,0,0,0,0,0,0,0,0,0,0,0,0,0,0,10,0,0,6,0,0,0,0,5,0,0,0,0,0,0,0,0,0,0,0,0,0,0,2,0,0,2,16,0,0,0,0,0,0,0,4,0,0,0,0,0,0,2,0,0,1,1,0,4,0,0,0
mjhsieh/McBopomofo,0,0,0,0,0,0,0,0,0,0,0,0,0,0,0,0,2,0,0,0,0,0,0,0,4,0,0,0,0,0,0,0,0,0,0,0,0,0,0,0,0,0,0,0,0,0,0,0,0,0,0,0,0,0,0,0,0,0,0,0,0,0,0,0,0,0,0,0,0,0,0,0,0,0,0,0,0,0,0,0,0,0,0,0,0,2,0,0,0
cmangos/mangos-wotlk,0,0,0,0,0,0,18,0,0,0,66,0,2,0,7,0,47,0,0,0,0,0,12,0,0,1,0,0,0,0,0,0,0,0,1,0,0,66,3,0,51,3,0,0,0,20,0,0,0,0,0,0,0,0,0,0,0,0,0,0,18,0,0,0,9,0,0,0,5,0,0,0,5,0,0,1,0,0,0,3,0,0,0,27,0,3,7,0,0
mangos-one/server-old,0,0,0,0,0,0,11,0,0,0,60,0,2,0,7,0,26,0,0,0,0,0,4,0,0,1,0,0,0,0,0,0,0,0,1,0,0,64,3,0,51,3,0,0,0,15,0,0,0,0,0,0,0,0,0,0,0,0,0,0,13,0,0,0,3,0,0,0,4,0,0,0,2,0,0,1,0,0,0,3,0,0,0,27,0,4,7,0,0
mbunkus/mkvtoolnix,2,0,0,0,0,0,16,0,0,0,15,0,1,0,4,0,52,0,0,1,0,0,1,0,0,0,0,0,0,0,0,0,0,0,0,0,0,138,0,78,116,0,0,0,0,56,0,0,0,0,0,0,0,0,0,0,0,0,0,0,34,0,0,0,1,0,0,0,2,0,0,0,2,0,0,0,0,0,0,19,0,0,0,12,0,1,15,0,0
cathywu/Sentiment-Analysis,0,0,0,0,0,0,138,0,0,0,0,0,152,0,68,0,17,0,0,0,0,0,51,0,0,0,0,0,0,0,0,0,0,0,0,0,0,88,0,0,55,0,0,0,60,7,0,0,0,0,0,0,0,0,0,0,0,0,0,0,0,0,0,0,17,0,0,0,228,0,0,0,0,0,0,0,0,0,0,0,0,0,0,322,0,0,0,0,0
AS3NUI/airkinect-2-core,0,0,0,0,0,0,2,0,0,0,0,0,0,0,0,0,4,0,0,0,0,0,0,0,0,0,0,0,0,0,0,0,0,0,1,0,0,0,0,0,0,0,0,0,0,0,0,0,0,0,0,0,0,0,0,0,0,0,0,0,0,0,0,0,0,0,0,0,0,0,0,0,0,0,0,0,0,0,0,4,0,0,0,0,0,0,0,0,0
tunabrain/incremental-fluids,1,0,0,0,0,0,7,0,0,0,19,0,0,0,34,0,1,0,0,0,0,0,0,0,0,0,0,0,0,0,0,0,0,0,0,0,0,187,0,0,120,0,0,0,0,1,0,0,0,0,0,0,0,0,0,0,0,0,0,0,0,0,0,0,0,0,0,0,0,0,40,0,0,0,0,0,0,0,0,0,0,0,0,8,0,1,0,0,0
jts/sga,0,0,0,0,0,0,13,0,0,0,132,0,3,0,9,0,42,0,1,0,0,0,3,0,0,0,0,0,0,0,0,0,0,0,0,0,0,187,0,9,216,2,0,0,19,18,0,0,0,0,0,0,0,12,0,0,0,0,0,0,8,0,0,0,1,0,0,0,39,0,0,0,8,0,0,0,0,0,0,42,0,0,1,6,0,9,7,0,1
nucleic/atom,0,0,0,0,0,0,8,0,0,0,0,0,0,0,0,0,0,0,0,0,0,0,0,0,0,0,0,0,0,0,0,0,0,0,0,6,0,0,0,0,0,0,0,0,0,0,0,0,0,0,0,0,0,0,0,0,0,0,0,0,0,0,0,0,0,0,0,0,0,0,0,0,0,0,0,0,0,0,0,6,0,0,0,2,0,0,0,0,0
quarnster/boxeebox-xbmc,2,0,0,0,0,0,7,0,0,0,41,0,1,0,13,0,87,0,4,1,0,6,3,0,3,0,0,0,0,0,0,0,0,0,0,5,0,75,0,1,97,0,0,0,0,35,0,0,0,0,0,0,0,0,0,0,0,0,0,0,12,0,0,1,2,0,0,0,0,0,24,0,19,0,0,0,0,0,0,16,0,0,0,15,0,9,3,0,4
unknownworlds/hlslparser,0,0,0,0,0,0,0,0,0,0,2,0,0,0,0,0,0,0,0,0,0,0,0,0,0,0,0,0,0,0,0,0,0,0,0,0,0,5,0,0,6,0,0,0,0,0,0,0,0,0,0,0,0,0,0,0,0,0,0,0,0,0,0,0,0,0,0,0,0,0,0,0,0,0,0,0,0,0,0,2,0,0,0,0,0,0,0,0,0
Heeks/heekscad,0,0,0,0,0,0,26,0,0,0,0,0,0,0,23,0,20,0,1,0,0,0,1,0,0,0,0,0,0,0,0,0,0,0,0,0,0,10,0,0,1,0,0,0,0,52,0,0,0,0,0,0,0,0,0,0,0,0,0,0,0,0,0,0,1,0,0,0,3,0,0,0,6,0,1,0,0,0,0,13,0,0,0,0,0,4,0,0,0
BartoszMilewski/Okasaki,1,0,0,0,0,0,4,0,0,0,2,0,0,0,2,0,2,0,0,0,0,5,13,0,0,0,0,0,0,0,0,0,0,0,0,0,0,0,0,0,0,0,0,0,0,10,0,0,0,0,0,0,0,0,0,0,0,0,0,0,0,0,0,0,0,0,0,0,3,0,0,0,0,0,0,0,0,0,0,0,0,0,0,0,0,1,0,0,0
Tokutek/mysql-5.5,0,0,0,0,0,0,0,0,0,0,4,0,0,0,0,0,2,0,0,0,0,0,0,0,0,0,0,0,0,0,0,0,0,0,0,0,0,0,0,0,3,0,0,0,0,3,0,0,0,0,0,0,0,0,0,0,0,0,0,0,3,0,0,0,0,0,0,0,2,0,3,0,0,0,0,0,0,0,0,0,0,0,0,50,0,0,0,0,0
adobe/webkit,17,0,0,0,0,1,123,0,0,0,252,0,65,0,154,0,173,0,0,0,0,0,47,0,4,0,0,0,0,0,0,0,0,0,0,1,0,672,0,8,687,0,0,0,7,287,0,0,0,0,0,0,0,0,0,0,0,0,0,0,131,0,0,0,114,0,0,0,11,0,24,0,69,0,0,0,0,0,1,27,0,0,2,19,0,153,19,0,0
highpower/xiva,0,0,0,0,0,0,0,0,0,0,0,0,1,1,0,0,4,0,0,1,0,2,0,0,0,0,0,0,0,0,0,0,0,0,0,0,0,0,0,0,0,0,0,0,0,0,0,0,0,0,0,0,0,0,0,0,0,0,0,0,0,0,0,0,0,0,0,0,1,0,0,0,0,0,0,0,0,0,0,0,0,0,0,6,0,0,0,0,0
rose-compiler/rose,3,0,0,0,0,0,31,0,0,0,39,0,38,1,4,0,102,0,1,6,0,3,101,0,12,0,0,0,0,0,0,0,0,0,0,3,0,38,0,4,84,0,0,0,1,80,0,0,0,0,0,0,0,0,0,0,0,0,0,0,39,0,0,2,13,0,0,0,3,0,0,0,21,0,0,0,0,0,0,15,0,0,0,3,0,14,22,0,1
sonyxperiadev/WebGL,1,0,0,0,0,1,53,0,0,0,149,0,65,0,76,0,112,0,0,0,0,0,36,0,1,0,0,0,0,0,0,0,0,0,0,2,0,466,0,7,498,0,0,0,8,226,0,0,0,0,0,0,0,0,0,0,0,0,0,0,113,0,0,1,81,0,0,0,4,0,2,0,83,0,0,0,0,0,0,24,0,0,0,13,0,98,12,0,0
id-Software/GtkRadiant,0,0,0,0,0,0,1,0,0,0,37,0,6,0,4,0,20,0,0,0,0,1,2,0,0,0,0,0,0,0,0,0,0,0,0,0,0,150,0,5,142,0,0,0,0,21,0,0,0,0,0,0,0,0,0,0,0,0,0,0,3,0,0,0,4,0,0,0,2,0,27,0,0,0,0,0,0,0,0,0,0,0,0,8,0,115,0,0,0
goldeneye-source/ges-code,0,0,0,0,0,1,29,0,0,0,73,0,1,0,4,0,11,0,0,0,0,0,5,0,0,0,0,0,0,0,0,0,0,0,1,3,2,57,0,1,32,0,1,0,2,11,0,0,0,0,0,0,0,1,0,0,0,0,0,0,0,0,0,0,0,0,0,0,3,0,1,0,1,0,0,0,0,0,0,17,2,0,0,40,0,2,0,0,0
sumeetchhetri/ffead-cpp,0,0,0,0,0,0,0,0,0,0,0,0,0,0,0,0,251,0,0,0,0,0,11,0,18,0,0,0,0,0,0,0,0,0,0,0,0,4,0,0,8,0,0,0,0,0,0,0,0,0,0,0,0,0,0,0,0,0,0,0,0,0,0,0,303,0,0,0,0,0,0,0,0,0,0,0,0,0,0,0,0,0,0,0,0,0,0,0,0
